pcd file name,bin file name
1567182666.900571000.pcd,_00000.bin
1567182667.001395000.pcd,_00001.bin
1567182667.102335000.pcd,_00002.bin
1567182667.203060000.pcd,_00003.bin
1567182667.303891000.pcd,_00004.bin
1567182667.404725000.pcd,_00005.bin
1567182667.505572000.pcd,_00006.bin
1567182667.606410000.pcd,_00007.bin
1567182667.707229000.pcd,_00008.bin
1567182667.808076000.pcd,_00009.bin
1567182667.908928000.pcd,_00010.bin
1567182668.009742000.pcd,_00011.bin
1567182668.110558000.pcd,_00012.bin
1567182668.211391000.pcd,_00013.bin
1567182668.312308000.pcd,_00014.bin
1567182668.413050000.pcd,_00015.bin
1567182668.513930000.pcd,_00016.bin
1567182668.614715000.pcd,_00017.bin
1567182668.715544000.pcd,_00018.bin
1567182668.816390000.pcd,_00019.bin
1567182668.917213000.pcd,_00020.bin
1567182669.018043000.pcd,_00021.bin
1567182669.118881000.pcd,_00022.bin
1567182669.219762000.pcd,_00023.bin
1567182669.320537000.pcd,_00024.bin
1567182669.421376000.pcd,_00025.bin
1567182669.522202000.pcd,_00026.bin
1567182669.623116000.pcd,_00027.bin
1567182669.723872000.pcd,_00028.bin
1567182669.824751000.pcd,_00029.bin
1567182669.925574000.pcd,_00030.bin
1567182670.026365000.pcd,_00031.bin
1567182670.127189000.pcd,_00032.bin
1567182670.228114000.pcd,_00033.bin
1567182670.328891000.pcd,_00034.bin
1567182670.429686000.pcd,_00035.bin
1567182670.530537000.pcd,_00036.bin
1567182670.631353000.pcd,_00037.bin
1567182670.732195000.pcd,_00038.bin
1567182670.833031000.pcd,_00039.bin
1567182670.933856000.pcd,_00040.bin
1567182671.034755000.pcd,_00041.bin
1567182671.135511000.pcd,_00042.bin
1567182671.236405000.pcd,_00043.bin
1567182671.337210000.pcd,_00044.bin
1567182671.438008000.pcd,_00045.bin
1567182671.538923000.pcd,_00046.bin
1567182671.639820000.pcd,_00047.bin
1567182671.740497000.pcd,_00048.bin
1567182671.841344000.pcd,_00049.bin
1567182671.942208000.pcd,_00050.bin
1567182672.042999000.pcd,_00051.bin
1567182672.143842000.pcd,_00052.bin
1567182672.244667000.pcd,_00053.bin
1567182672.345640000.pcd,_00054.bin
1567182672.449509000.pcd,_00055.bin
1567182672.547155000.pcd,_00056.bin
1567182672.647993000.pcd,_00057.bin
1567182672.748817000.pcd,_00058.bin
1567182672.849884000.pcd,_00059.bin
1567182672.950485000.pcd,_00060.bin
1567182673.051334000.pcd,_00061.bin
1567182673.152156000.pcd,_00062.bin
1567182673.253035000.pcd,_00063.bin
1567182673.353820000.pcd,_00064.bin
1567182673.454652000.pcd,_00065.bin
1567182673.555763000.pcd,_00066.bin
1567182673.656401000.pcd,_00067.bin
1567182673.757142000.pcd,_00068.bin
1567182673.861427000.pcd,_00069.bin
1567182673.958814000.pcd,_00070.bin
1567182674.059733000.pcd,_00071.bin
1567182674.160471000.pcd,_00072.bin
1567182674.261307000.pcd,_00073.bin
1567182674.362136000.pcd,_00074.bin
1567182674.462960000.pcd,_00075.bin
1567182674.564152000.pcd,_00076.bin
1567182674.664624000.pcd,_00077.bin
1567182674.765461000.pcd,_00078.bin
1567182674.866303000.pcd,_00079.bin
1567182674.967121000.pcd,_00080.bin
1567182675.069462000.pcd,_00081.bin
1567182675.168788000.pcd,_00082.bin
1567182675.269629000.pcd,_00083.bin
1567182675.370451000.pcd,_00084.bin
1567182675.471288000.pcd,_00085.bin
1567182675.572327000.pcd,_00086.bin
1567182675.672961000.pcd,_00087.bin
1567182675.773830000.pcd,_00088.bin
1567182675.874609000.pcd,_00089.bin
1567182675.975453000.pcd,_00090.bin
1567182676.076312000.pcd,_00091.bin
1567182676.177115000.pcd,_00092.bin
1567182676.278083000.pcd,_00093.bin
1567182676.378767000.pcd,_00094.bin
1567182676.479615000.pcd,_00095.bin
1567182676.580439000.pcd,_00096.bin
1567182676.681273000.pcd,_00097.bin
1567182676.782111000.pcd,_00098.bin
1567182676.882928000.pcd,_00099.bin
1567182676.983770000.pcd,_00100.bin
1567182677.084654000.pcd,_00101.bin
1567182677.185439000.pcd,_00102.bin
1567182677.286251000.pcd,_00103.bin
1567182677.387100000.pcd,_00104.bin
1567182677.487957000.pcd,_00105.bin
1567182677.588768000.pcd,_00106.bin
1567182677.689729000.pcd,_00107.bin
1567182677.790418000.pcd,_00108.bin
1567182677.891269000.pcd,_00109.bin
1567182677.992080000.pcd,_00110.bin
1567182678.092963000.pcd,_00111.bin
1567182678.193819000.pcd,_00112.bin
1567182678.294577000.pcd,_00113.bin
1567182678.395421000.pcd,_00114.bin
1567182678.496241000.pcd,_00115.bin
1567182678.597077000.pcd,_00116.bin
1567182678.697905000.pcd,_00117.bin
1567182678.798795000.pcd,_00118.bin
1567182678.899564000.pcd,_00119.bin
1567182679.000396000.pcd,_00120.bin
1567182679.101239000.pcd,_00121.bin
1567182679.202070000.pcd,_00122.bin
1567182679.302889000.pcd,_00123.bin
1567182679.403728000.pcd,_00124.bin
1567182679.504600000.pcd,_00125.bin
1567182679.605443000.pcd,_00126.bin
1567182679.706244000.pcd,_00127.bin
1567182679.807090000.pcd,_00128.bin
1567182679.907890000.pcd,_00129.bin
1567182680.008731000.pcd,_00130.bin
1567182680.109549000.pcd,_00131.bin
1567182680.210381000.pcd,_00132.bin
1567182680.317378000.pcd,_00133.bin
1567182680.412053000.pcd,_00134.bin
1567182680.512883000.pcd,_00135.bin
1567182680.613708000.pcd,_00136.bin
1567182680.714538000.pcd,_00137.bin
1567182680.815382000.pcd,_00138.bin
1567182680.916206000.pcd,_00139.bin
1567182681.017046000.pcd,_00140.bin
1567182681.117871000.pcd,_00141.bin
1567182681.218719000.pcd,_00142.bin
1567182681.319552000.pcd,_00143.bin
1567182681.420392000.pcd,_00144.bin
1567182681.526363000.pcd,_00145.bin
1567182681.622022000.pcd,_00146.bin
1567182681.722878000.pcd,_00147.bin
1567182681.823689000.pcd,_00148.bin
1567182681.924523000.pcd,_00149.bin
1567182682.025365000.pcd,_00150.bin
1567182682.126204000.pcd,_00151.bin
1567182682.227029000.pcd,_00152.bin
1567182682.327850000.pcd,_00153.bin
1567182682.428776000.pcd,_00154.bin
1567182682.529527000.pcd,_00155.bin
1567182682.630345000.pcd,_00156.bin
1567182682.731192000.pcd,_00157.bin
1567182682.832405000.pcd,_00158.bin
1567182682.932850000.pcd,_00159.bin
1567182683.033682000.pcd,_00160.bin
1567182683.134509000.pcd,_00161.bin
1567182683.235363000.pcd,_00162.bin
1567182683.336180000.pcd,_00163.bin
1567182683.437112000.pcd,_00164.bin
1567182683.537837000.pcd,_00165.bin
1567182683.638674000.pcd,_00166.bin
1567182683.739505000.pcd,_00167.bin
1567182683.840329000.pcd,_00168.bin
1567182683.941163000.pcd,_00169.bin
1567182684.042104000.pcd,_00170.bin
1567182684.143835000.pcd,_00171.bin
1567182684.243700000.pcd,_00172.bin
1567182684.344498000.pcd,_00173.bin
1567182684.445341000.pcd,_00174.bin
1567182684.546219000.pcd,_00175.bin
1567182684.647173000.pcd,_00176.bin
1567182684.747831000.pcd,_00177.bin
1567182684.848650000.pcd,_00178.bin
1567182684.949537000.pcd,_00179.bin
1567182685.050315000.pcd,_00180.bin
1567182685.151146000.pcd,_00181.bin
1567182685.251982000.pcd,_00182.bin
1567182685.352835000.pcd,_00183.bin
1567182685.453776000.pcd,_00184.bin
1567182685.554512000.pcd,_00185.bin
1567182685.655330000.pcd,_00186.bin
1567182685.756184000.pcd,_00187.bin
1567182685.857048000.pcd,_00188.bin
1567182685.957808000.pcd,_00189.bin
1567182686.058641000.pcd,_00190.bin
1567182686.159478000.pcd,_00191.bin
1567182686.260307000.pcd,_00192.bin
1567182686.361128000.pcd,_00193.bin
1567182686.461963000.pcd,_00194.bin
1567182686.563060000.pcd,_00195.bin
1567182686.663676000.pcd,_00196.bin
1567182686.764455000.pcd,_00197.bin
1567182686.865913000.pcd,_00198.bin
1567182686.966122000.pcd,_00199.bin
1567182687.066964000.pcd,_00200.bin
1567182687.167799000.pcd,_00201.bin
1567182687.268628000.pcd,_00202.bin
1567182687.369458000.pcd,_00203.bin
1567182687.470427000.pcd,_00204.bin
1567182687.571244000.pcd,_00205.bin
1567182687.671951000.pcd,_00206.bin
1567182687.772789000.pcd,_00207.bin
1567182687.873613000.pcd,_00208.bin
1567182687.974461000.pcd,_00209.bin
1567182688.075300000.pcd,_00210.bin
1567182688.176114000.pcd,_00211.bin
1567182688.276977000.pcd,_00212.bin
1567182688.377772000.pcd,_00213.bin
1567182688.478640000.pcd,_00214.bin
1567182688.579442000.pcd,_00215.bin
1567182688.680267000.pcd,_00216.bin
1567182688.781098000.pcd,_00217.bin
1567182688.881928000.pcd,_00218.bin
1567182688.982756000.pcd,_00219.bin
1567182689.083872000.pcd,_00220.bin
1567182689.184431000.pcd,_00221.bin
1567182689.285256000.pcd,_00222.bin
1567182689.386118000.pcd,_00223.bin
1567182689.486927000.pcd,_00224.bin
1567182689.587759000.pcd,_00225.bin
1567182689.688593000.pcd,_00226.bin
1567182689.789421000.pcd,_00227.bin
1567182689.890306000.pcd,_00228.bin
1567182689.991174000.pcd,_00229.bin
1567182690.091917000.pcd,_00230.bin
1567182690.192826000.pcd,_00231.bin
1567182690.293583000.pcd,_00232.bin
1567182690.397460000.pcd,_00233.bin
1567182690.495236000.pcd,_00234.bin
1567182690.596214000.pcd,_00235.bin
1567182690.696902000.pcd,_00236.bin
1567182690.797737000.pcd,_00237.bin
1567182690.898596000.pcd,_00238.bin
1567182690.999494000.pcd,_00239.bin
1567182691.100237000.pcd,_00240.bin
1567182691.201075000.pcd,_00241.bin
1567182691.301902000.pcd,_00242.bin
1567182691.402820000.pcd,_00243.bin
1567182691.503570000.pcd,_00244.bin
1567182691.604392000.pcd,_00245.bin
1567182691.705219000.pcd,_00246.bin
1567182691.806065000.pcd,_00247.bin
1567182691.907173000.pcd,_00248.bin
1567182692.007730000.pcd,_00249.bin
1567182692.108605000.pcd,_00250.bin
1567182692.210316000.pcd,_00251.bin
1567182692.310221000.pcd,_00252.bin
1567182692.411076000.pcd,_00253.bin
1567182692.511886000.pcd,_00254.bin
1567182692.612716000.pcd,_00255.bin
1567182692.713682000.pcd,_00256.bin
1567182692.814378000.pcd,_00257.bin
1567182692.915205000.pcd,_00258.bin
1567182693.016054000.pcd,_00259.bin
1567182693.116879000.pcd,_00260.bin
1567182693.217720000.pcd,_00261.bin
1567182693.318923000.pcd,_00262.bin
1567182693.419722000.pcd,_00263.bin
1567182693.520245000.pcd,_00264.bin
1567182693.621116000.pcd,_00265.bin
1567182693.721872000.pcd,_00266.bin
1567182693.822689000.pcd,_00267.bin
1567182693.923525000.pcd,_00268.bin
1567182694.024389000.pcd,_00269.bin
1567182694.125189000.pcd,_00270.bin
1567182694.226032000.pcd,_00271.bin
1567182694.326873000.pcd,_00272.bin
1567182694.427793000.pcd,_00273.bin
1567182694.528565000.pcd,_00274.bin
1567182694.629348000.pcd,_00275.bin
1567182694.730189000.pcd,_00276.bin
1567182694.831037000.pcd,_00277.bin
1567182694.932054000.pcd,_00278.bin
1567182695.032684000.pcd,_00279.bin
1567182695.134323000.pcd,_00280.bin
1567182695.234342000.pcd,_00281.bin
1567182695.335181000.pcd,_00282.bin
1567182695.436077000.pcd,_00283.bin
1567182695.536844000.pcd,_00284.bin
1567182695.637740000.pcd,_00285.bin
1567182695.741859000.pcd,_00286.bin
1567182695.839367000.pcd,_00287.bin
1567182695.940698000.pcd,_00288.bin
1567182696.040997000.pcd,_00289.bin
1567182696.141904000.pcd,_00290.bin
1567182696.242684000.pcd,_00291.bin
1567182696.343502000.pcd,_00292.bin
1567182696.444318000.pcd,_00293.bin
1567182696.545158000.pcd,_00294.bin
1567182696.646022000.pcd,_00295.bin
1567182696.746821000.pcd,_00296.bin
1567182696.847655000.pcd,_00297.bin
1567182696.948508000.pcd,_00298.bin
1567182697.049322000.pcd,_00299.bin
1567182697.150184000.pcd,_00300.bin
1567182697.250993000.pcd,_00301.bin
1567182697.351816000.pcd,_00302.bin
1567182697.452676000.pcd,_00303.bin
1567182697.553482000.pcd,_00304.bin
1567182697.654363000.pcd,_00305.bin
1567182697.755465000.pcd,_00306.bin
1567182697.855970000.pcd,_00307.bin
1567182697.956816000.pcd,_00308.bin
1567182698.057639000.pcd,_00309.bin
1567182698.158464000.pcd,_00310.bin
1567182698.259526000.pcd,_00311.bin
1567182698.360142000.pcd,_00312.bin
1567182698.461443000.pcd,_00313.bin
1567182698.561800000.pcd,_00314.bin
1567182698.663733000.pcd,_00315.bin
1567182698.764373000.pcd,_00316.bin
1567182698.865488000.pcd,_00317.bin
1567182698.965131000.pcd,_00318.bin
1567182699.066095000.pcd,_00319.bin
1567182699.166843000.pcd,_00320.bin
1567182699.267632000.pcd,_00321.bin
1567182699.368471000.pcd,_00322.bin
1567182699.469402000.pcd,_00323.bin
1567182699.570119000.pcd,_00324.bin
1567182699.670968000.pcd,_00325.bin
1567182699.771865000.pcd,_00326.bin
1567182699.872606000.pcd,_00327.bin
1567182699.973720000.pcd,_00328.bin
1567182700.074278000.pcd,_00329.bin
1567182700.175372000.pcd,_00330.bin
1567182700.275939000.pcd,_00331.bin
1567182700.377015000.pcd,_00332.bin
1567182700.477650000.pcd,_00333.bin
1567182700.578520000.pcd,_00334.bin
1567182700.679397000.pcd,_00335.bin
1567182700.780102000.pcd,_00336.bin
1567182700.880934000.pcd,_00337.bin
1567182700.981774000.pcd,_00338.bin
1567182701.082606000.pcd,_00339.bin
1567182701.183432000.pcd,_00340.bin
1567182701.284884000.pcd,_00341.bin
1567182701.386489000.pcd,_00342.bin
1567182701.485922000.pcd,_00343.bin
1567182701.586754000.pcd,_00344.bin
1567182701.687908000.pcd,_00345.bin
1567182701.788419000.pcd,_00346.bin
1567182701.889263000.pcd,_00347.bin
1567182701.990091000.pcd,_00348.bin
1567182702.090917000.pcd,_00349.bin
1567182702.193002000.pcd,_00350.bin
1567182702.292619000.pcd,_00351.bin
1567182702.393412000.pcd,_00352.bin
1567182702.494244000.pcd,_00353.bin
1567182702.595112000.pcd,_00354.bin
1567182702.695909000.pcd,_00355.bin
1567182702.797503000.pcd,_00356.bin
1567182702.897569000.pcd,_00357.bin
1567182702.998410000.pcd,_00358.bin
1567182703.099236000.pcd,_00359.bin
1567182703.200161000.pcd,_00360.bin
1567182703.300968000.pcd,_00361.bin
1567182703.401751000.pcd,_00362.bin
1567182703.503152000.pcd,_00363.bin
1567182703.603401000.pcd,_00364.bin
1567182703.704302000.pcd,_00365.bin
1567182703.805061000.pcd,_00366.bin
1567182703.905896000.pcd,_00367.bin
1567182704.006726000.pcd,_00368.bin
1567182704.107553000.pcd,_00369.bin
1567182704.208447000.pcd,_00370.bin
1567182704.309218000.pcd,_00371.bin
1567182704.410050000.pcd,_00372.bin
1567182704.510907000.pcd,_00373.bin
1567182704.611712000.pcd,_00374.bin
1567182704.712544000.pcd,_00375.bin
1567182704.814189000.pcd,_00376.bin
1567182704.914210000.pcd,_00377.bin
1567182705.015043000.pcd,_00378.bin
1567182705.115872000.pcd,_00379.bin
1567182705.217467000.pcd,_00380.bin
1567182705.317527000.pcd,_00381.bin
1567182705.418367000.pcd,_00382.bin
1567182705.519206000.pcd,_00383.bin
1567182705.620030000.pcd,_00384.bin
1567182705.720878000.pcd,_00385.bin
1567182705.821745000.pcd,_00386.bin
1567182705.922544000.pcd,_00387.bin
1567182706.023365000.pcd,_00388.bin
1567182706.124189000.pcd,_00389.bin
1567182706.225029000.pcd,_00390.bin
1567182706.325850000.pcd,_00391.bin
1567182706.426748000.pcd,_00392.bin
1567182706.527521000.pcd,_00393.bin
1567182706.633463000.pcd,_00394.bin
1567182706.729444000.pcd,_00395.bin
1567182706.830037000.pcd,_00396.bin
1567182706.930851000.pcd,_00397.bin
1567182707.031705000.pcd,_00398.bin
1567182707.132706000.pcd,_00399.bin
1567182707.233355000.pcd,_00400.bin
1567182707.337213000.pcd,_00401.bin
1567182707.435005000.pcd,_00402.bin
1567182707.535843000.pcd,_00403.bin
1567182707.636685000.pcd,_00404.bin
1567182707.737499000.pcd,_00405.bin
1567182707.838346000.pcd,_00406.bin
1567182707.939294000.pcd,_00407.bin
1567182708.040000000.pcd,_00408.bin
1567182708.140979000.pcd,_00409.bin
1567182708.241664000.pcd,_00410.bin
1567182708.342511000.pcd,_00411.bin
1567182708.443323000.pcd,_00412.bin
1567182708.544161000.pcd,_00413.bin
1567182708.644991000.pcd,_00414.bin
1567182708.745844000.pcd,_00415.bin
1567182708.846661000.pcd,_00416.bin
1567182708.947475000.pcd,_00417.bin
1567182709.048342000.pcd,_00418.bin
1567182709.149158000.pcd,_00419.bin
1567182709.250057000.pcd,_00420.bin
1567182709.350817000.pcd,_00421.bin
1567182709.451643000.pcd,_00422.bin
1567182709.552480000.pcd,_00423.bin
1567182709.653315000.pcd,_00424.bin
1567182709.754144000.pcd,_00425.bin
1567182709.854978000.pcd,_00426.bin
1567182709.955799000.pcd,_00427.bin
1567182710.056668000.pcd,_00428.bin
1567182710.157480000.pcd,_00429.bin
1567182710.258665000.pcd,_00430.bin
1567182710.359128000.pcd,_00431.bin
1567182710.459967000.pcd,_00432.bin
1567182710.560799000.pcd,_00433.bin
1567182710.661630000.pcd,_00434.bin
1567182710.762459000.pcd,_00435.bin
1567182710.863307000.pcd,_00436.bin
1567182710.964128000.pcd,_00437.bin
1567182711.065037000.pcd,_00438.bin
1567182711.165954000.pcd,_00439.bin
1567182711.266650000.pcd,_00440.bin
1567182711.367502000.pcd,_00441.bin
1567182711.468288000.pcd,_00442.bin
1567182711.569116000.pcd,_00443.bin
1567182711.669961000.pcd,_00444.bin
1567182711.770802000.pcd,_00445.bin
1567182711.871612000.pcd,_00446.bin
1567182711.974916000.pcd,_00447.bin
1567182712.073386000.pcd,_00448.bin
1567182712.174117000.pcd,_00449.bin
1567182712.274948000.pcd,_00450.bin
1567182712.375765000.pcd,_00451.bin
1567182712.476608000.pcd,_00452.bin
1567182712.577840000.pcd,_00453.bin
1567182712.678265000.pcd,_00454.bin
1567182712.779096000.pcd,_00455.bin
1567182712.879952000.pcd,_00456.bin
1567182712.980807000.pcd,_00457.bin
1567182713.081607000.pcd,_00458.bin
1567182713.182429000.pcd,_00459.bin
1567182713.286665000.pcd,_00460.bin
1567182713.384090000.pcd,_00461.bin
1567182713.484925000.pcd,_00462.bin
1567182713.585758000.pcd,_00463.bin
1567182713.686711000.pcd,_00464.bin
1567182713.787425000.pcd,_00465.bin
1567182713.888430000.pcd,_00466.bin
1567182713.989085000.pcd,_00467.bin
1567182714.089913000.pcd,_00468.bin
1567182714.190803000.pcd,_00469.bin
1567182714.291970000.pcd,_00470.bin
1567182714.392894000.pcd,_00471.bin
1567182714.493282000.pcd,_00472.bin
1567182714.594079000.pcd,_00473.bin
1567182714.694899000.pcd,_00474.bin
1567182714.795853000.pcd,_00475.bin
1567182714.896571000.pcd,_00476.bin
1567182714.997601000.pcd,_00477.bin
1567182715.098258000.pcd,_00478.bin
1567182715.199061000.pcd,_00479.bin
1567182715.301875000.pcd,_00480.bin
1567182715.400762000.pcd,_00481.bin
1567182715.501564000.pcd,_00482.bin
1567182715.602391000.pcd,_00483.bin
1567182715.703221000.pcd,_00484.bin
1567182715.804062000.pcd,_00485.bin
1567182715.904883000.pcd,_00486.bin
1567182716.006320000.pcd,_00487.bin
1567182716.106575000.pcd,_00488.bin
1567182716.207390000.pcd,_00489.bin
1567182716.308235000.pcd,_00490.bin
1567182716.409060000.pcd,_00491.bin
1567182716.510308000.pcd,_00492.bin
1567182716.610713000.pcd,_00493.bin
1567182716.711579000.pcd,_00494.bin
1567182716.812372000.pcd,_00495.bin
1567182716.913324000.pcd,_00496.bin
1567182717.014038000.pcd,_00497.bin
1567182717.114868000.pcd,_00498.bin
1567182717.215704000.pcd,_00499.bin
1567182717.316561000.pcd,_00500.bin
1567182717.417372000.pcd,_00501.bin
1567182717.518220000.pcd,_00502.bin
1567182717.619043000.pcd,_00503.bin
1567182717.719896000.pcd,_00504.bin
1567182717.820775000.pcd,_00505.bin
1567182717.921543000.pcd,_00506.bin
1567182718.022379000.pcd,_00507.bin
1567182718.123209000.pcd,_00508.bin
1567182718.224116000.pcd,_00509.bin
1567182718.324911000.pcd,_00510.bin
1567182718.427917000.pcd,_00511.bin
1567182718.526626000.pcd,_00512.bin
1567182718.627703000.pcd,_00513.bin
1567182718.728328000.pcd,_00514.bin
1567182718.829024000.pcd,_00515.bin
1567182718.929853000.pcd,_00516.bin
1567182719.030681000.pcd,_00517.bin
1567182719.131508000.pcd,_00518.bin
1567182719.232343000.pcd,_00519.bin
1567182719.333176000.pcd,_00520.bin
1567182719.434023000.pcd,_00521.bin
1567182719.534871000.pcd,_00522.bin
1567182719.635673000.pcd,_00523.bin
1567182719.736534000.pcd,_00524.bin
1567182719.837761000.pcd,_00525.bin
1567182719.938468000.pcd,_00526.bin
1567182720.042903000.pcd,_00527.bin
1567182720.139830000.pcd,_00528.bin
1567182720.240658000.pcd,_00529.bin
1567182720.341850000.pcd,_00530.bin
1567182720.442328000.pcd,_00531.bin
1567182720.543166000.pcd,_00532.bin
1567182720.644017000.pcd,_00533.bin
1567182720.744853000.pcd,_00534.bin
1567182720.845675000.pcd,_00535.bin
1567182720.946499000.pcd,_00536.bin
1567182721.047317000.pcd,_00537.bin
1567182721.148146000.pcd,_00538.bin
1567182721.249112000.pcd,_00539.bin
1567182721.349842000.pcd,_00540.bin
1567182721.450651000.pcd,_00541.bin
1567182721.551477000.pcd,_00542.bin
1567182721.652309000.pcd,_00543.bin
1567182721.753170000.pcd,_00544.bin
1567182721.853975000.pcd,_00545.bin
1567182721.954885000.pcd,_00546.bin
1567182722.055636000.pcd,_00547.bin
1567182722.156471000.pcd,_00548.bin
1567182722.257435000.pcd,_00549.bin
1567182722.358129000.pcd,_00550.bin
1567182722.458997000.pcd,_00551.bin
1567182722.559795000.pcd,_00552.bin
1567182722.660652000.pcd,_00553.bin
1567182722.762129000.pcd,_00554.bin
1567182722.862330000.pcd,_00555.bin
1567182722.963128000.pcd,_00556.bin
1567182723.063956000.pcd,_00557.bin
1567182723.164790000.pcd,_00558.bin
1567182723.265700000.pcd,_00559.bin
1567182723.366446000.pcd,_00560.bin
1567182723.470409000.pcd,_00561.bin
1567182723.568137000.pcd,_00562.bin
1567182723.668954000.pcd,_00563.bin
1567182723.769964000.pcd,_00564.bin
1567182723.870621000.pcd,_00565.bin
1567182723.971555000.pcd,_00566.bin
1567182724.072273000.pcd,_00567.bin
1567182724.173339000.pcd,_00568.bin
1567182724.273937000.pcd,_00569.bin
1567182724.374776000.pcd,_00570.bin
1567182724.475594000.pcd,_00571.bin
1567182724.576435000.pcd,_00572.bin
1567182724.677325000.pcd,_00573.bin
1567182724.778104000.pcd,_00574.bin
1567182724.878933000.pcd,_00575.bin
1567182724.979763000.pcd,_00576.bin
1567182725.080596000.pcd,_00577.bin
1567182725.181427000.pcd,_00578.bin
1567182725.282261000.pcd,_00579.bin
1567182725.383091000.pcd,_00580.bin
1567182725.483912000.pcd,_00581.bin
1567182725.585027000.pcd,_00582.bin
1567182725.685585000.pcd,_00583.bin
1567182725.786437000.pcd,_00584.bin
1567182725.887252000.pcd,_00585.bin
1567182725.988086000.pcd,_00586.bin
1567182726.088915000.pcd,_00587.bin
1567182726.189746000.pcd,_00588.bin
1567182726.290580000.pcd,_00589.bin
1567182726.391445000.pcd,_00590.bin
1567182726.492572000.pcd,_00591.bin
1567182726.593067000.pcd,_00592.bin
1567182726.693946000.pcd,_00593.bin
1567182726.794787000.pcd,_00594.bin
1567182726.895568000.pcd,_00595.bin
1567182726.996484000.pcd,_00596.bin
1567182727.097231000.pcd,_00597.bin
1567182727.198133000.pcd,_00598.bin
1567182727.298905000.pcd,_00599.bin
1567182727.399818000.pcd,_00600.bin
1567182727.501445000.pcd,_00601.bin
1567182727.601396000.pcd,_00602.bin
1567182727.702256000.pcd,_00603.bin
1567182727.803587000.pcd,_00604.bin
1567182727.903907000.pcd,_00605.bin
1567182728.004722000.pcd,_00606.bin
1567182728.105558000.pcd,_00607.bin
1567182728.208897000.pcd,_00608.bin
1567182728.307231000.pcd,_00609.bin
1567182728.408049000.pcd,_00610.bin
1567182728.508885000.pcd,_00611.bin
1567182728.609714000.pcd,_00612.bin
1567182728.710540000.pcd,_00613.bin
1567182728.811403000.pcd,_00614.bin
1567182728.912225000.pcd,_00615.bin
1567182729.013043000.pcd,_00616.bin
1567182729.113871000.pcd,_00617.bin
1567182729.214705000.pcd,_00618.bin
1567182729.315559000.pcd,_00619.bin
1567182729.416370000.pcd,_00620.bin
1567182729.517204000.pcd,_00621.bin
1567182729.621595000.pcd,_00622.bin
1567182729.718905000.pcd,_00623.bin
1567182729.819746000.pcd,_00624.bin
1567182729.920526000.pcd,_00625.bin
1567182730.021351000.pcd,_00626.bin
1567182730.122234000.pcd,_00627.bin
1567182730.223048000.pcd,_00628.bin
1567182730.324194000.pcd,_00629.bin
1567182730.424708000.pcd,_00630.bin
1567182730.526255000.pcd,_00631.bin
1567182730.626349000.pcd,_00632.bin
1567182730.727183000.pcd,_00633.bin
1567182730.828015000.pcd,_00634.bin
1567182730.929093000.pcd,_00635.bin
1567182731.029680000.pcd,_00636.bin
1567182731.130510000.pcd,_00637.bin
1567182731.231360000.pcd,_00638.bin
1567182731.332169000.pcd,_00639.bin
1567182731.433188000.pcd,_00640.bin
1567182731.533885000.pcd,_00641.bin
1567182731.634668000.pcd,_00642.bin
1567182731.735544000.pcd,_00643.bin
1567182731.836477000.pcd,_00644.bin
1567182731.937187000.pcd,_00645.bin
1567182732.038075000.pcd,_00646.bin
1567182732.138950000.pcd,_00647.bin
1567182732.239659000.pcd,_00648.bin
1567182732.340591000.pcd,_00649.bin
1567182732.441321000.pcd,_00650.bin
1567182732.542630000.pcd,_00651.bin
1567182732.642990000.pcd,_00652.bin
1567182732.743819000.pcd,_00653.bin
1567182732.844796000.pcd,_00654.bin
1567182732.945484000.pcd,_00655.bin
1567182733.046318000.pcd,_00656.bin
1567182733.147150000.pcd,_00657.bin
1567182733.247991000.pcd,_00658.bin
1567182733.348967000.pcd,_00659.bin
1567182733.449750000.pcd,_00660.bin
1567182733.550486000.pcd,_00661.bin
1567182733.651427000.pcd,_00662.bin
1567182733.752161000.pcd,_00663.bin
1567182733.853082000.pcd,_00664.bin
1567182733.953802000.pcd,_00665.bin
1567182734.054637000.pcd,_00666.bin
1567182734.161619000.pcd,_00667.bin
1567182734.256335000.pcd,_00668.bin
1567182734.357131000.pcd,_00669.bin
1567182734.457969000.pcd,_00670.bin
1567182734.558808000.pcd,_00671.bin
1567182734.659654000.pcd,_00672.bin
1567182734.760459000.pcd,_00673.bin
1567182734.861287000.pcd,_00674.bin
1567182734.962459000.pcd,_00675.bin
1567182735.062963000.pcd,_00676.bin
1567182735.163791000.pcd,_00677.bin
1567182735.264686000.pcd,_00678.bin
1567182735.365443000.pcd,_00679.bin
1567182735.466285000.pcd,_00680.bin
1567182735.567169000.pcd,_00681.bin
1567182735.667997000.pcd,_00682.bin
1567182735.768788000.pcd,_00683.bin
1567182735.869623000.pcd,_00684.bin
1567182735.970472000.pcd,_00685.bin
1567182736.071510000.pcd,_00686.bin
1567182736.172122000.pcd,_00687.bin
1567182736.273293000.pcd,_00688.bin
1567182736.373782000.pcd,_00689.bin
1567182736.474612000.pcd,_00690.bin
1567182736.575449000.pcd,_00691.bin
1567182736.676260000.pcd,_00692.bin
1567182736.777105000.pcd,_00693.bin
1567182736.877929000.pcd,_00694.bin
1567182736.978868000.pcd,_00695.bin
1567182737.079598000.pcd,_00696.bin
1567182737.180456000.pcd,_00697.bin
1567182737.281322000.pcd,_00698.bin
1567182737.382118000.pcd,_00699.bin
1567182737.482921000.pcd,_00700.bin
1567182737.583871000.pcd,_00701.bin
1567182737.684581000.pcd,_00702.bin
1567182737.785413000.pcd,_00703.bin
1567182737.886251000.pcd,_00704.bin
1567182737.987068000.pcd,_00705.bin
1567182738.087919000.pcd,_00706.bin
1567182738.188781000.pcd,_00707.bin
1567182738.289601000.pcd,_00708.bin
1567182738.390541000.pcd,_00709.bin
1567182738.491250000.pcd,_00710.bin
1567182738.592106000.pcd,_00711.bin
1567182738.692905000.pcd,_00712.bin
1567182738.793737000.pcd,_00713.bin
1567182738.894567000.pcd,_00714.bin
1567182738.995402000.pcd,_00715.bin
1567182739.096549000.pcd,_00716.bin
1567182739.197059000.pcd,_00717.bin
1567182739.297957000.pcd,_00718.bin
1567182739.398736000.pcd,_00719.bin
1567182739.499566000.pcd,_00720.bin
1567182739.600409000.pcd,_00721.bin
1567182739.701252000.pcd,_00722.bin
1567182739.802055000.pcd,_00723.bin
1567182739.902907000.pcd,_00724.bin
1567182740.003733000.pcd,_00725.bin
1567182740.104675000.pcd,_00726.bin
1567182740.205923000.pcd,_00727.bin
1567182740.306212000.pcd,_00728.bin
1567182740.407069000.pcd,_00729.bin
1567182740.507906000.pcd,_00730.bin
1567182740.608710000.pcd,_00731.bin
1567182740.709609000.pcd,_00732.bin
1567182740.810401000.pcd,_00733.bin
1567182740.911205000.pcd,_00734.bin
1567182741.012044000.pcd,_00735.bin
1567182741.112867000.pcd,_00736.bin
1567182741.213710000.pcd,_00737.bin
1567182741.314541000.pcd,_00738.bin
1567182741.415397000.pcd,_00739.bin
1567182741.516228000.pcd,_00740.bin
1567182741.617021000.pcd,_00741.bin
1567182741.717870000.pcd,_00742.bin
1567182741.818689000.pcd,_00743.bin
1567182741.921458000.pcd,_00744.bin
1567182742.020496000.pcd,_00745.bin
1567182742.121330000.pcd,_00746.bin
1567182742.222018000.pcd,_00747.bin
1567182742.322879000.pcd,_00748.bin
1567182742.423966000.pcd,_00749.bin
1567182742.526274000.pcd,_00750.bin
1567182742.625416000.pcd,_00751.bin
1567182742.726167000.pcd,_00752.bin
1567182742.827006000.pcd,_00753.bin
1567182742.927837000.pcd,_00754.bin
1567182743.028699000.pcd,_00755.bin
1567182743.129516000.pcd,_00756.bin
1567182743.230367000.pcd,_00757.bin
1567182743.331171000.pcd,_00758.bin
1567182743.432007000.pcd,_00759.bin
1567182743.532832000.pcd,_00760.bin
1567182743.633672000.pcd,_00761.bin
1567182743.734500000.pcd,_00762.bin
1567182743.835518000.pcd,_00763.bin
1567182743.936187000.pcd,_00764.bin
1567182744.036995000.pcd,_00765.bin
1567182744.137835000.pcd,_00766.bin
1567182744.238668000.pcd,_00767.bin
1567182744.339533000.pcd,_00768.bin
1567182744.440354000.pcd,_00769.bin
1567182744.541153000.pcd,_00770.bin
1567182744.641998000.pcd,_00771.bin
1567182744.742838000.pcd,_00772.bin
1567182744.843643000.pcd,_00773.bin
1567182744.944498000.pcd,_00774.bin
1567182745.045308000.pcd,_00775.bin
1567182745.146142000.pcd,_00776.bin
1567182745.247575000.pcd,_00777.bin
1567182745.347827000.pcd,_00778.bin
1567182745.448634000.pcd,_00779.bin
1567182745.549479000.pcd,_00780.bin
1567182745.652548000.pcd,_00781.bin
1567182745.751178000.pcd,_00782.bin
1567182745.851975000.pcd,_00783.bin
1567182745.952815000.pcd,_00784.bin
1567182746.053638000.pcd,_00785.bin
1567182746.154470000.pcd,_00786.bin
1567182746.255292000.pcd,_00787.bin
1567182746.356144000.pcd,_00788.bin
1567182746.457045000.pcd,_00789.bin
1567182746.557793000.pcd,_00790.bin
1567182746.658782000.pcd,_00791.bin
1567182746.759461000.pcd,_00792.bin
1567182746.860277000.pcd,_00793.bin
1567182746.961122000.pcd,_00794.bin
1567182747.062491000.pcd,_00795.bin
1567182747.163617000.pcd,_00796.bin
1567182747.263650000.pcd,_00797.bin
1567182747.364446000.pcd,_00798.bin
1567182747.465316000.pcd,_00799.bin
1567182747.566104000.pcd,_00800.bin
1567182747.666983000.pcd,_00801.bin
1567182747.767799000.pcd,_00802.bin
1567182747.868633000.pcd,_00803.bin
1567182747.969447000.pcd,_00804.bin
1567182748.070274000.pcd,_00805.bin
1567182748.171171000.pcd,_00806.bin
1567182748.271928000.pcd,_00807.bin
1567182748.372780000.pcd,_00808.bin
1567182748.473599000.pcd,_00809.bin
1567182748.574433000.pcd,_00810.bin
1567182748.675265000.pcd,_00811.bin
1567182748.776089000.pcd,_00812.bin
1567182748.876996000.pcd,_00813.bin
1567182748.977750000.pcd,_00814.bin
1567182749.078587000.pcd,_00815.bin
1567182749.180099000.pcd,_00816.bin
1567182749.280241000.pcd,_00817.bin
1567182749.381094000.pcd,_00818.bin
1567182749.482021000.pcd,_00819.bin
1567182749.585316000.pcd,_00820.bin
1567182749.683604000.pcd,_00821.bin
1567182749.784410000.pcd,_00822.bin
1567182749.885251000.pcd,_00823.bin
1567182749.986089000.pcd,_00824.bin
1567182750.086909000.pcd,_00825.bin
1567182750.187727000.pcd,_00826.bin
1567182750.288588000.pcd,_00827.bin
1567182750.389404000.pcd,_00828.bin
1567182750.490276000.pcd,_00829.bin
1567182750.591099000.pcd,_00830.bin
1567182750.691899000.pcd,_00831.bin
1567182750.793920000.pcd,_00832.bin
1567182750.893581000.pcd,_00833.bin
1567182750.994408000.pcd,_00834.bin
1567182751.095227000.pcd,_00835.bin
1567182751.196115000.pcd,_00836.bin
1567182751.296915000.pcd,_00837.bin
1567182751.398463000.pcd,_00838.bin
1567182751.498549000.pcd,_00839.bin
1567182751.599385000.pcd,_00840.bin
1567182751.700215000.pcd,_00841.bin
1567182751.801056000.pcd,_00842.bin
1567182751.901884000.pcd,_00843.bin
1567182752.002717000.pcd,_00844.bin
1567182752.103576000.pcd,_00845.bin
1567182752.205481000.pcd,_00846.bin
1567182752.305222000.pcd,_00847.bin
1567182752.406123000.pcd,_00848.bin
1567182752.507010000.pcd,_00849.bin
1567182752.607845000.pcd,_00850.bin
1567182752.708565000.pcd,_00851.bin
1567182752.809592000.pcd,_00852.bin
1567182752.910226000.pcd,_00853.bin
1567182753.011060000.pcd,_00854.bin
1567182753.111875000.pcd,_00855.bin
1567182753.212698000.pcd,_00856.bin
1567182753.313589000.pcd,_00857.bin
1567182753.414365000.pcd,_00858.bin
1567182753.515191000.pcd,_00859.bin
1567182753.616023000.pcd,_00860.bin
1567182753.716884000.pcd,_00861.bin
1567182753.817701000.pcd,_00862.bin
1567182753.918537000.pcd,_00863.bin
1567182754.019355000.pcd,_00864.bin
1567182754.120178000.pcd,_00865.bin
1567182754.221012000.pcd,_00866.bin
1567182754.321864000.pcd,_00867.bin
1567182754.422680000.pcd,_00868.bin
1567182754.523504000.pcd,_00869.bin
1567182754.624452000.pcd,_00870.bin
1567182754.725177000.pcd,_00871.bin
1567182754.826010000.pcd,_00872.bin
1567182754.926867000.pcd,_00873.bin
1567182755.027744000.pcd,_00874.bin
1567182755.130072000.pcd,_00875.bin
1567182755.229360000.pcd,_00876.bin
1567182755.330173000.pcd,_00877.bin
1567182755.431044000.pcd,_00878.bin
1567182755.531826000.pcd,_00879.bin
1567182755.632669000.pcd,_00880.bin
1567182755.733917000.pcd,_00881.bin
1567182755.834337000.pcd,_00882.bin
1567182755.935176000.pcd,_00883.bin
1567182756.035994000.pcd,_00884.bin
1567182756.136824000.pcd,_00885.bin
1567182756.237720000.pcd,_00886.bin
1567182756.338535000.pcd,_00887.bin
1567182756.440859000.pcd,_00888.bin
1567182756.540146000.pcd,_00889.bin
1567182756.642841000.pcd,_00890.bin
1567182756.741836000.pcd,_00891.bin
1567182756.842656000.pcd,_00892.bin
1567182756.943510000.pcd,_00893.bin
1567182757.044309000.pcd,_00894.bin
1567182757.145153000.pcd,_00895.bin
1567182757.246386000.pcd,_00896.bin
1567182757.346808000.pcd,_00897.bin
1567182757.447644000.pcd,_00898.bin
1567182757.548483000.pcd,_00899.bin
1567182757.649310000.pcd,_00900.bin
1567182757.750136000.pcd,_00901.bin
1567182757.850976000.pcd,_00902.bin
1567182757.951811000.pcd,_00903.bin
1567182758.052634000.pcd,_00904.bin
1567182758.153460000.pcd,_00905.bin
1567182758.254305000.pcd,_00906.bin
1567182758.355174000.pcd,_00907.bin
1567182758.456045000.pcd,_00908.bin
1567182758.556849000.pcd,_00909.bin
1567182758.657653000.pcd,_00910.bin
1567182758.758459000.pcd,_00911.bin
1567182758.859310000.pcd,_00912.bin
1567182758.960116000.pcd,_00913.bin
1567182759.060955000.pcd,_00914.bin
1567182759.161784000.pcd,_00915.bin
1567182759.262615000.pcd,_00916.bin
1567182759.363514000.pcd,_00917.bin
1567182759.464281000.pcd,_00918.bin
1567182759.565112000.pcd,_00919.bin
1567182759.665951000.pcd,_00920.bin
1567182759.769445000.pcd,_00921.bin
1567182759.867619000.pcd,_00922.bin
1567182759.968822000.pcd,_00923.bin
1567182760.069281000.pcd,_00924.bin
1567182760.170104000.pcd,_00925.bin
1567182760.270972000.pcd,_00926.bin
1567182760.371814000.pcd,_00927.bin
1567182760.472596000.pcd,_00928.bin
1567182760.573428000.pcd,_00929.bin
1567182760.674268000.pcd,_00930.bin
1567182760.775085000.pcd,_00931.bin
1567182760.877454000.pcd,_00932.bin
1567182760.976766000.pcd,_00933.bin
1567182761.077585000.pcd,_00934.bin
1567182761.181561000.pcd,_00935.bin
1567182761.279708000.pcd,_00936.bin
1567182761.380126000.pcd,_00937.bin
1567182761.481263000.pcd,_00938.bin
1567182761.581747000.pcd,_00939.bin
1567182761.683032000.pcd,_00940.bin
1567182761.783423000.pcd,_00941.bin
1567182761.885591000.pcd,_00942.bin
1567182761.985087000.pcd,_00943.bin
1567182762.085927000.pcd,_00944.bin
1567182762.186736000.pcd,_00945.bin
1567182762.290266000.pcd,_00946.bin
1567182762.391329000.pcd,_00947.bin
1567182762.489248000.pcd,_00948.bin
1567182762.590202000.pcd,_00949.bin
1567182762.690887000.pcd,_00950.bin
1567182762.791724000.pcd,_00951.bin
1567182762.892562000.pcd,_00952.bin
1567182762.993391000.pcd,_00953.bin
1567182763.094238000.pcd,_00954.bin
1567182763.195050000.pcd,_00955.bin
1567182763.295927000.pcd,_00956.bin
1567182763.396775000.pcd,_00957.bin
1567182763.497551000.pcd,_00958.bin
1567182763.598376000.pcd,_00959.bin
1567182763.701407000.pcd,_00960.bin
1567182763.800565000.pcd,_00961.bin
1567182763.900957000.pcd,_00962.bin
1567182764.001720000.pcd,_00963.bin
1567182764.103034000.pcd,_00964.bin
1567182764.203409000.pcd,_00965.bin
1567182764.304212000.pcd,_00966.bin
1567182764.405037000.pcd,_00967.bin
1567182764.505877000.pcd,_00968.bin
1567182764.606721000.pcd,_00969.bin
1567182764.707544000.pcd,_00970.bin
1567182764.808532000.pcd,_00971.bin
1567182764.909492000.pcd,_00972.bin
1567182765.010234000.pcd,_00973.bin
1567182765.110855000.pcd,_00974.bin
1567182765.211702000.pcd,_00975.bin
1567182765.312586000.pcd,_00976.bin
1567182765.413454000.pcd,_00977.bin
1567182765.514202000.pcd,_00978.bin
1567182765.615047000.pcd,_00979.bin
1567182765.715941000.pcd,_00980.bin
1567182765.816692000.pcd,_00981.bin
1567182765.917605000.pcd,_00982.bin
1567182766.018356000.pcd,_00983.bin
1567182766.119190000.pcd,_00984.bin
1567182766.220020000.pcd,_00985.bin
1567182766.320855000.pcd,_00986.bin
1567182766.421687000.pcd,_00987.bin
1567182766.522512000.pcd,_00988.bin
1567182766.623341000.pcd,_00989.bin
1567182766.724318000.pcd,_00990.bin
1567182766.825010000.pcd,_00991.bin
1567182766.925875000.pcd,_00992.bin
1567182767.026805000.pcd,_00993.bin
1567182767.127507000.pcd,_00994.bin
1567182767.228348000.pcd,_00995.bin
1567182767.340108000.pcd,_00996.bin
1567182767.430000000.pcd,_00997.bin
1567182767.530834000.pcd,_00998.bin
1567182767.631671000.pcd,_00999.bin
1567182767.732492000.pcd,_01000.bin
1567182767.833327000.pcd,_01001.bin
1567182767.934168000.pcd,_01002.bin
1567182768.034991000.pcd,_01003.bin
1567182768.135897000.pcd,_01004.bin
1567182768.236793000.pcd,_01005.bin
1567182768.337483000.pcd,_01006.bin
1567182768.438343000.pcd,_01007.bin
1567182768.539155000.pcd,_01008.bin
1567182768.639979000.pcd,_01009.bin
1567182768.740883000.pcd,_01010.bin
1567182768.842900000.pcd,_01011.bin
1567182768.942520000.pcd,_01012.bin
1567182769.043318000.pcd,_01013.bin
1567182769.144138000.pcd,_01014.bin
1567182769.245005000.pcd,_01015.bin
1567182769.345814000.pcd,_01016.bin
1567182769.446643000.pcd,_01017.bin
1567182769.549609000.pcd,_01018.bin
1567182769.648327000.pcd,_01019.bin
1567182769.749133000.pcd,_01020.bin
1567182769.849961000.pcd,_01021.bin
1567182769.950844000.pcd,_01022.bin
1567182770.051628000.pcd,_01023.bin
1567182770.152458000.pcd,_01024.bin
1567182770.253393000.pcd,_01025.bin
1567182770.354121000.pcd,_01026.bin
1567182770.457476000.pcd,_01027.bin
1567182770.555790000.pcd,_01028.bin
1567182770.656675000.pcd,_01029.bin
1567182770.757462000.pcd,_01030.bin
1567182770.858279000.pcd,_01031.bin
1567182770.959183000.pcd,_01032.bin
1567182771.059943000.pcd,_01033.bin
1567182771.160897000.pcd,_01034.bin
1567182771.261610000.pcd,_01035.bin
1567182771.362790000.pcd,_01036.bin
1567182771.463270000.pcd,_01037.bin
1567182771.564313000.pcd,_01038.bin
1567182771.664947000.pcd,_01039.bin
1567182771.765770000.pcd,_01040.bin
1567182771.869453000.pcd,_01041.bin
1567182771.967511000.pcd,_01042.bin
1567182772.068277000.pcd,_01043.bin
1567182772.169213000.pcd,_01044.bin
1567182772.269933000.pcd,_01045.bin
1567182772.370771000.pcd,_01046.bin
1567182772.471592000.pcd,_01047.bin
1567182772.572427000.pcd,_01048.bin
1567182772.673270000.pcd,_01049.bin
1567182772.774251000.pcd,_01050.bin
1567182772.875024000.pcd,_01051.bin
1567182772.975771000.pcd,_01052.bin
1567182773.076632000.pcd,_01053.bin
1567182773.177435000.pcd,_01054.bin
1567182773.278253000.pcd,_01055.bin
1567182773.379178000.pcd,_01056.bin
1567182773.480343000.pcd,_01057.bin
1567182773.580796000.pcd,_01058.bin
1567182773.681587000.pcd,_01059.bin
1567182773.782464000.pcd,_01060.bin
1567182773.883407000.pcd,_01061.bin
1567182773.984079000.pcd,_01062.bin
1567182774.084940000.pcd,_01063.bin
1567182774.185767000.pcd,_01064.bin
1567182774.286609000.pcd,_01065.bin
1567182774.387429000.pcd,_01066.bin
1567182774.489752000.pcd,_01067.bin
1567182774.589061000.pcd,_01068.bin
1567182774.690053000.pcd,_01069.bin
1567182774.790731000.pcd,_01070.bin
1567182774.891643000.pcd,_01071.bin
1567182774.992392000.pcd,_01072.bin
1567182775.093252000.pcd,_01073.bin
1567182775.194065000.pcd,_01074.bin
1567182775.296019000.pcd,_01075.bin
1567182775.395807000.pcd,_01076.bin
1567182775.496561000.pcd,_01077.bin
1567182775.597389000.pcd,_01078.bin
1567182775.698226000.pcd,_01079.bin
1567182775.799427000.pcd,_01080.bin
1567182775.899896000.pcd,_01081.bin
1567182776.000710000.pcd,_01082.bin
1567182776.101912000.pcd,_01083.bin
1567182776.202375000.pcd,_01084.bin
1567182776.303213000.pcd,_01085.bin
1567182776.404037000.pcd,_01086.bin
1567182776.504875000.pcd,_01087.bin
1567182776.605703000.pcd,_01088.bin
1567182776.706538000.pcd,_01089.bin
1567182776.808599000.pcd,_01090.bin
1567182776.908201000.pcd,_01091.bin
1567182777.009038000.pcd,_01092.bin
1567182777.109946000.pcd,_01093.bin
1567182777.211647000.pcd,_01094.bin
1567182777.311534000.pcd,_01095.bin
1567182777.412378000.pcd,_01096.bin
1567182777.513647000.pcd,_01097.bin
1567182777.614074000.pcd,_01098.bin
1567182777.717890000.pcd,_01099.bin
1567182777.815686000.pcd,_01100.bin
1567182777.916537000.pcd,_01101.bin
1567182778.017341000.pcd,_01102.bin
1567182778.118370000.pcd,_01103.bin
1567182778.219038000.pcd,_01104.bin
1567182778.319843000.pcd,_01105.bin
1567182778.420675000.pcd,_01106.bin
1567182778.521512000.pcd,_01107.bin
1567182778.622354000.pcd,_01108.bin
1567182778.723174000.pcd,_01109.bin
1567182778.824091000.pcd,_01110.bin
1567182778.925872000.pcd,_01111.bin
1567182779.025666000.pcd,_01112.bin
1567182779.126504000.pcd,_01113.bin
1567182779.227336000.pcd,_01114.bin
1567182779.328164000.pcd,_01115.bin
1567182779.428999000.pcd,_01116.bin
1567182779.529833000.pcd,_01117.bin
1567182779.630658000.pcd,_01118.bin
1567182779.731506000.pcd,_01119.bin
1567182779.832327000.pcd,_01120.bin
1567182779.933198000.pcd,_01121.bin
1567182780.033989000.pcd,_01122.bin
1567182780.134818000.pcd,_01123.bin
1567182780.235879000.pcd,_01124.bin
1567182780.336478000.pcd,_01125.bin
1567182780.437328000.pcd,_01126.bin
1567182780.538775000.pcd,_01127.bin
1567182780.638994000.pcd,_01128.bin
1567182780.739883000.pcd,_01129.bin
1567182780.841544000.pcd,_01130.bin
1567182780.941472000.pcd,_01131.bin
1567182781.042909000.pcd,_01132.bin
1567182781.143134000.pcd,_01133.bin
1567182781.243969000.pcd,_01134.bin
1567182781.344800000.pcd,_01135.bin
1567182781.445797000.pcd,_01136.bin
1567182781.546500000.pcd,_01137.bin
1567182781.647351000.pcd,_01138.bin
1567182781.749456000.pcd,_01139.bin
1567182781.848974000.pcd,_01140.bin
1567182781.950039000.pcd,_01141.bin
1567182782.050622000.pcd,_01142.bin
1567182782.151462000.pcd,_01143.bin
1567182782.252303000.pcd,_01144.bin
1567182782.353109000.pcd,_01145.bin
1567182782.453952000.pcd,_01146.bin
1567182782.554788000.pcd,_01147.bin
1567182782.655613000.pcd,_01148.bin
1567182782.756444000.pcd,_01149.bin
1567182782.857295000.pcd,_01150.bin
1567182782.958128000.pcd,_01151.bin
1567182783.058943000.pcd,_01152.bin
1567182783.159777000.pcd,_01153.bin
1567182783.260603000.pcd,_01154.bin
1567182783.361442000.pcd,_01155.bin
1567182783.462264000.pcd,_01156.bin
1567182783.563106000.pcd,_01157.bin
1567182783.663941000.pcd,_01158.bin
1567182783.764767000.pcd,_01159.bin
1567182783.865627000.pcd,_01160.bin
1567182783.966505000.pcd,_01161.bin
1567182784.067305000.pcd,_01162.bin
1567182784.168134000.pcd,_01163.bin
1567182784.268949000.pcd,_01164.bin
1567182784.369843000.pcd,_01165.bin
1567182784.470774000.pcd,_01166.bin
1567182784.571449000.pcd,_01167.bin
1567182784.672446000.pcd,_01168.bin
1567182784.773088000.pcd,_01169.bin
1567182784.873921000.pcd,_01170.bin
1567182784.974750000.pcd,_01171.bin
1567182785.075588000.pcd,_01172.bin
1567182785.176437000.pcd,_01173.bin
1567182785.277255000.pcd,_01174.bin
1567182785.378090000.pcd,_01175.bin
1567182785.478919000.pcd,_01176.bin
1567182785.579744000.pcd,_01177.bin
1567182785.680597000.pcd,_01178.bin
1567182785.781407000.pcd,_01179.bin
1567182785.882291000.pcd,_01180.bin
1567182785.986188000.pcd,_01181.bin
1567182786.083942000.pcd,_01182.bin
1567182786.184732000.pcd,_01183.bin
1567182786.285597000.pcd,_01184.bin
1567182786.386404000.pcd,_01185.bin
1567182786.487296000.pcd,_01186.bin
1567182786.588094000.pcd,_01187.bin
1567182786.689115000.pcd,_01188.bin
1567182786.789736000.pcd,_01189.bin
1567182786.890553000.pcd,_01190.bin
1567182786.991395000.pcd,_01191.bin
1567182787.092474000.pcd,_01192.bin
1567182787.193084000.pcd,_01193.bin
1567182787.293947000.pcd,_01194.bin
1567182787.394734000.pcd,_01195.bin
1567182787.495564000.pcd,_01196.bin
1567182787.596403000.pcd,_01197.bin
1567182787.698084000.pcd,_01198.bin
1567182787.798042000.pcd,_01199.bin
1567182787.899952000.pcd,_01200.bin
1567182787.999713000.pcd,_01201.bin
1567182788.100542000.pcd,_01202.bin
1567182788.201408000.pcd,_01203.bin
1567182788.302218000.pcd,_01204.bin
1567182788.403038000.pcd,_01205.bin
1567182788.503879000.pcd,_01206.bin
1567182788.604699000.pcd,_01207.bin
1567182788.705538000.pcd,_01208.bin
1567182788.806360000.pcd,_01209.bin
1567182788.907223000.pcd,_01210.bin
1567182789.008036000.pcd,_01211.bin
1567182789.108923000.pcd,_01212.bin
1567182789.209907000.pcd,_01213.bin
1567182789.310522000.pcd,_01214.bin
1567182789.411354000.pcd,_01215.bin
1567182789.512188000.pcd,_01216.bin
1567182789.613030000.pcd,_01217.bin
1567182789.713850000.pcd,_01218.bin
1567182789.814684000.pcd,_01219.bin
1567182789.915532000.pcd,_01220.bin
1567182790.016343000.pcd,_01221.bin
1567182790.117399000.pcd,_01222.bin
1567182790.218019000.pcd,_01223.bin
1567182790.318884000.pcd,_01224.bin
1567182790.419711000.pcd,_01225.bin
1567182790.520518000.pcd,_01226.bin
1567182790.621340000.pcd,_01227.bin
1567182790.722168000.pcd,_01228.bin
1567182790.822997000.pcd,_01229.bin
1567182790.923848000.pcd,_01230.bin
1567182791.024803000.pcd,_01231.bin
1567182791.125503000.pcd,_01232.bin
1567182791.226331000.pcd,_01233.bin
1567182791.327171000.pcd,_01234.bin
1567182791.427986000.pcd,_01235.bin
1567182791.530104000.pcd,_01236.bin
1567182791.629660000.pcd,_01237.bin
1567182791.730493000.pcd,_01238.bin
1567182791.831331000.pcd,_01239.bin
1567182791.932157000.pcd,_01240.bin
1567182792.033007000.pcd,_01241.bin
1567182792.133832000.pcd,_01242.bin
1567182792.234692000.pcd,_01243.bin
1567182792.335482000.pcd,_01244.bin
1567182792.436321000.pcd,_01245.bin
1567182792.537276000.pcd,_01246.bin
1567182792.637970000.pcd,_01247.bin
1567182792.738811000.pcd,_01248.bin
1567182792.839654000.pcd,_01249.bin
1567182792.940487000.pcd,_01250.bin
1567182793.044681000.pcd,_01251.bin
1567182793.142240000.pcd,_01252.bin
1567182793.242990000.pcd,_01253.bin
1567182793.343835000.pcd,_01254.bin
1567182793.445116000.pcd,_01255.bin
1567182793.545464000.pcd,_01256.bin
1567182793.646312000.pcd,_01257.bin
1567182793.747128000.pcd,_01258.bin
1567182793.847979000.pcd,_01259.bin
1567182793.948789000.pcd,_01260.bin
1567182794.049627000.pcd,_01261.bin
1567182794.150457000.pcd,_01262.bin
1567182794.251486000.pcd,_01263.bin
1567182794.352166000.pcd,_01264.bin
1567182794.453048000.pcd,_01265.bin
1567182794.553793000.pcd,_01266.bin
1567182794.654619000.pcd,_01267.bin
1567182794.755447000.pcd,_01268.bin
1567182794.856300000.pcd,_01269.bin
1567182794.957116000.pcd,_01270.bin
1567182795.057948000.pcd,_01271.bin
1567182795.158772000.pcd,_01272.bin
1567182795.259608000.pcd,_01273.bin
1567182795.360448000.pcd,_01274.bin
1567182795.461293000.pcd,_01275.bin
1567182795.562112000.pcd,_01276.bin
1567182795.662940000.pcd,_01277.bin
1567182795.763770000.pcd,_01278.bin
1567182795.864603000.pcd,_01279.bin
1567182795.965520000.pcd,_01280.bin
1567182796.066266000.pcd,_01281.bin
1567182796.167140000.pcd,_01282.bin
1567182796.268002000.pcd,_01283.bin
1567182796.368783000.pcd,_01284.bin
1567182796.469594000.pcd,_01285.bin
1567182796.573765000.pcd,_01286.bin
1567182796.671370000.pcd,_01287.bin
1567182796.772092000.pcd,_01288.bin
1567182796.872920000.pcd,_01289.bin
1567182796.973758000.pcd,_01290.bin
1567182797.074596000.pcd,_01291.bin
1567182797.175413000.pcd,_01292.bin
1567182797.276243000.pcd,_01293.bin
1567182797.377089000.pcd,_01294.bin
1567182797.477914000.pcd,_01295.bin
1567182797.578778000.pcd,_01296.bin
1567182797.685475000.pcd,_01297.bin
1567182797.780404000.pcd,_01298.bin
1567182797.881308000.pcd,_01299.bin
1567182797.982070000.pcd,_01300.bin
1567182798.082947000.pcd,_01301.bin
1567182798.184401000.pcd,_01302.bin
1567182798.284709000.pcd,_01303.bin
1567182798.385396000.pcd,_01304.bin
1567182798.486226000.pcd,_01305.bin
1567182798.587059000.pcd,_01306.bin
1567182798.687894000.pcd,_01307.bin
1567182798.788802000.pcd,_01308.bin
1567182798.889559000.pcd,_01309.bin
1567182798.990393000.pcd,_01310.bin
1567182799.096795000.pcd,_01311.bin
1567182799.192065000.pcd,_01312.bin
1567182799.292888000.pcd,_01313.bin
1567182799.393723000.pcd,_01314.bin
1567182799.494617000.pcd,_01315.bin
1567182799.595387000.pcd,_01316.bin
1567182799.696213000.pcd,_01317.bin
1567182799.797044000.pcd,_01318.bin
1567182799.897880000.pcd,_01319.bin
1567182799.998823000.pcd,_01320.bin
1567182800.099576000.pcd,_01321.bin
1567182800.200411000.pcd,_01322.bin
1567182800.301359000.pcd,_01323.bin
1567182800.402036000.pcd,_01324.bin
1567182800.503114000.pcd,_01325.bin
1567182800.603711000.pcd,_01326.bin
1567182800.704571000.pcd,_01327.bin
1567182800.805674000.pcd,_01328.bin
1567182800.906223000.pcd,_01329.bin
1567182801.007023000.pcd,_01330.bin
1567182801.108227000.pcd,_01331.bin
1567182801.208690000.pcd,_01332.bin
1567182801.309525000.pcd,_01333.bin
1567182801.410545000.pcd,_01334.bin
1567182801.511188000.pcd,_01335.bin
1567182801.612024000.pcd,_01336.bin
1567182801.712961000.pcd,_01337.bin
1567182801.813683000.pcd,_01338.bin
1567182801.914511000.pcd,_01339.bin
1567182802.015345000.pcd,_01340.bin
1567182802.116177000.pcd,_01341.bin
1567182802.217004000.pcd,_01342.bin
1567182802.317838000.pcd,_01343.bin
1567182802.418719000.pcd,_01344.bin
1567182802.519501000.pcd,_01345.bin
1567182802.620345000.pcd,_01346.bin
1567182802.721190000.pcd,_01347.bin
1567182802.821998000.pcd,_01348.bin
1567182802.922833000.pcd,_01349.bin
1567182803.023673000.pcd,_01350.bin
1567182803.124497000.pcd,_01351.bin
1567182803.225344000.pcd,_01352.bin
1567182803.326162000.pcd,_01353.bin
1567182803.427110000.pcd,_01354.bin
1567182803.528573000.pcd,_01355.bin
1567182803.628654000.pcd,_01356.bin
1567182803.729560000.pcd,_01357.bin
1567182803.830323000.pcd,_01358.bin
1567182803.931198000.pcd,_01359.bin
1567182804.031982000.pcd,_01360.bin
1567182804.132883000.pcd,_01361.bin
1567182804.233648000.pcd,_01362.bin
1567182804.334494000.pcd,_01363.bin
1567182804.435308000.pcd,_01364.bin
1567182804.536150000.pcd,_01365.bin
1567182804.636983000.pcd,_01366.bin
1567182804.737931000.pcd,_01367.bin
1567182804.838685000.pcd,_01368.bin
1567182804.939485000.pcd,_01369.bin
1567182805.046150000.pcd,_01370.bin
1567182805.141133000.pcd,_01371.bin
1567182805.241998000.pcd,_01372.bin
1567182805.342802000.pcd,_01373.bin
1567182805.443745000.pcd,_01374.bin
1567182805.544477000.pcd,_01375.bin
1567182805.645308000.pcd,_01376.bin
1567182805.746169000.pcd,_01377.bin
1567182805.847100000.pcd,_01378.bin
1567182805.947787000.pcd,_01379.bin
1567182806.048619000.pcd,_01380.bin
1567182806.149560000.pcd,_01381.bin
1567182806.250336000.pcd,_01382.bin
1567182806.351138000.pcd,_01383.bin
1567182806.451975000.pcd,_01384.bin
1567182806.552792000.pcd,_01385.bin
1567182806.653617000.pcd,_01386.bin
1567182806.754550000.pcd,_01387.bin
1567182806.855289000.pcd,_01388.bin
1567182806.956114000.pcd,_01389.bin
1567182807.056951000.pcd,_01390.bin
1567182807.157778000.pcd,_01391.bin
1567182807.268020000.pcd,_01392.bin
1567182807.359442000.pcd,_01393.bin
1567182807.460375000.pcd,_01394.bin
1567182807.561105000.pcd,_01395.bin
1567182807.661972000.pcd,_01396.bin
1567182807.762756000.pcd,_01397.bin
1567182807.863599000.pcd,_01398.bin
1567182807.964428000.pcd,_01399.bin
1567182808.065337000.pcd,_01400.bin
1567182808.166113000.pcd,_01401.bin
1567182808.266934000.pcd,_01402.bin
1567182808.367768000.pcd,_01403.bin
1567182808.468591000.pcd,_01404.bin
1567182808.569485000.pcd,_01405.bin
1567182808.677450000.pcd,_01406.bin
1567182808.771945000.pcd,_01407.bin
1567182808.871914000.pcd,_01408.bin
1567182808.974080000.pcd,_01409.bin
1567182809.073570000.pcd,_01410.bin
1567182809.174407000.pcd,_01411.bin
1567182809.275260000.pcd,_01412.bin
1567182809.376072000.pcd,_01413.bin
1567182809.476905000.pcd,_01414.bin
1567182809.577735000.pcd,_01415.bin
1567182809.678598000.pcd,_01416.bin
1567182809.779405000.pcd,_01417.bin
1567182809.880226000.pcd,_01418.bin
1567182809.981064000.pcd,_01419.bin
1567182810.081923000.pcd,_01420.bin
1567182810.182720000.pcd,_01421.bin
1567182810.283554000.pcd,_01422.bin
1567182810.384395000.pcd,_01423.bin
1567182810.485220000.pcd,_01424.bin
1567182810.586051000.pcd,_01425.bin
1567182810.686902000.pcd,_01426.bin
1567182810.787721000.pcd,_01427.bin
1567182810.888566000.pcd,_01428.bin
1567182810.989710000.pcd,_01429.bin
1567182811.090235000.pcd,_01430.bin
1567182811.191065000.pcd,_01431.bin
1567182811.291875000.pcd,_01432.bin
1567182811.392740000.pcd,_01433.bin
1567182811.493546000.pcd,_01434.bin
1567182811.594368000.pcd,_01435.bin
1567182811.695209000.pcd,_01436.bin
1567182811.796055000.pcd,_01437.bin
1567182811.896866000.pcd,_01438.bin
1567182811.997701000.pcd,_01439.bin
1567182812.098533000.pcd,_01440.bin
1567182812.199368000.pcd,_01441.bin
1567182812.300251000.pcd,_01442.bin
1567182812.401032000.pcd,_01443.bin
1567182812.501861000.pcd,_01444.bin
1567182812.603981000.pcd,_01445.bin
1567182812.703533000.pcd,_01446.bin
1567182812.804364000.pcd,_01447.bin
1567182812.905195000.pcd,_01448.bin
1567182813.006028000.pcd,_01449.bin
1567182813.106867000.pcd,_01450.bin
1567182813.207687000.pcd,_01451.bin
1567182813.308580000.pcd,_01452.bin
1567182813.409364000.pcd,_01453.bin
1567182813.510212000.pcd,_01454.bin
1567182813.611023000.pcd,_01455.bin
1567182813.711847000.pcd,_01456.bin
1567182813.814608000.pcd,_01457.bin
1567182813.915215000.pcd,_01458.bin
1567182814.014347000.pcd,_01459.bin
1567182814.115183000.pcd,_01460.bin
1567182814.216215000.pcd,_01461.bin
1567182814.316842000.pcd,_01462.bin
1567182814.417688000.pcd,_01463.bin
1567182814.518534000.pcd,_01464.bin
1567182814.619339000.pcd,_01465.bin
1567182814.720169000.pcd,_01466.bin
1567182814.820996000.pcd,_01467.bin
1567182814.921871000.pcd,_01468.bin
1567182815.022700000.pcd,_01469.bin
1567182815.123500000.pcd,_01470.bin
1567182815.224363000.pcd,_01471.bin
1567182815.325159000.pcd,_01472.bin
1567182815.426012000.pcd,_01473.bin
1567182815.526820000.pcd,_01474.bin
1567182815.627663000.pcd,_01475.bin
1567182815.728492000.pcd,_01476.bin
1567182815.829366000.pcd,_01477.bin
1567182815.930171000.pcd,_01478.bin
1567182816.031010000.pcd,_01479.bin
1567182816.131812000.pcd,_01480.bin
1567182816.232652000.pcd,_01481.bin
1567182816.333476000.pcd,_01482.bin
1567182816.434316000.pcd,_01483.bin
1567182816.535141000.pcd,_01484.bin
1567182816.636124000.pcd,_01485.bin
1567182816.736814000.pcd,_01486.bin
1567182816.837630000.pcd,_01487.bin
1567182816.938487000.pcd,_01488.bin
1567182817.042110000.pcd,_01489.bin
1567182817.140391000.pcd,_01490.bin
1567182817.240963000.pcd,_01491.bin
1567182817.341840000.pcd,_01492.bin
1567182817.442630000.pcd,_01493.bin
1567182817.545638000.pcd,_01494.bin
1567182817.644303000.pcd,_01495.bin
1567182817.745120000.pcd,_01496.bin
1567182817.845949000.pcd,_01497.bin
1567182817.946790000.pcd,_01498.bin
1567182818.047635000.pcd,_01499.bin
1567182818.148454000.pcd,_01500.bin
1567182818.249274000.pcd,_01501.bin
1567182818.350121000.pcd,_01502.bin
1567182818.450946000.pcd,_01503.bin
1567182818.551777000.pcd,_01504.bin
1567182818.652623000.pcd,_01505.bin
1567182818.753442000.pcd,_01506.bin
1567182818.854285000.pcd,_01507.bin
1567182818.955221000.pcd,_01508.bin
1567182819.055956000.pcd,_01509.bin
1567182819.156775000.pcd,_01510.bin
1567182819.257599000.pcd,_01511.bin
1567182819.358443000.pcd,_01512.bin
1567182819.459261000.pcd,_01513.bin
1567182819.560108000.pcd,_01514.bin
1567182819.660926000.pcd,_01515.bin
1567182819.761752000.pcd,_01516.bin
1567182819.862704000.pcd,_01517.bin
1567182819.963422000.pcd,_01518.bin
1567182820.064257000.pcd,_01519.bin
1567182820.165084000.pcd,_01520.bin
1567182820.265922000.pcd,_01521.bin
1567182820.366755000.pcd,_01522.bin
1567182820.467670000.pcd,_01523.bin
1567182820.568435000.pcd,_01524.bin
1567182820.669246000.pcd,_01525.bin
1567182820.770216000.pcd,_01526.bin
1567182820.870914000.pcd,_01527.bin
1567182820.971755000.pcd,_01528.bin
1567182821.072573000.pcd,_01529.bin
1567182821.173414000.pcd,_01530.bin
1567182821.274255000.pcd,_01531.bin
1567182821.375072000.pcd,_01532.bin
1567182821.475963000.pcd,_01533.bin
1567182821.576737000.pcd,_01534.bin
1567182821.677569000.pcd,_01535.bin
1567182821.778413000.pcd,_01536.bin
1567182821.879231000.pcd,_01537.bin
1567182821.980073000.pcd,_01538.bin
1567182822.080897000.pcd,_01539.bin
1567182822.181774000.pcd,_01540.bin
1567182822.282551000.pcd,_01541.bin
1567182822.383469000.pcd,_01542.bin
1567182822.484229000.pcd,_01543.bin
1567182822.585060000.pcd,_01544.bin
1567182822.685896000.pcd,_01545.bin
1567182822.786800000.pcd,_01546.bin
1567182822.887561000.pcd,_01547.bin
1567182822.988563000.pcd,_01548.bin
1567182823.089233000.pcd,_01549.bin
1567182823.190068000.pcd,_01550.bin
1567182823.290878000.pcd,_01551.bin
1567182823.391796000.pcd,_01552.bin
1567182823.492542000.pcd,_01553.bin
1567182823.593386000.pcd,_01554.bin
1567182823.694214000.pcd,_01555.bin
1567182823.795156000.pcd,_01556.bin
1567182823.895941000.pcd,_01557.bin
1567182823.996701000.pcd,_01558.bin
1567182824.102458000.pcd,_01559.bin
1567182824.198536000.pcd,_01560.bin
1567182824.299234000.pcd,_01561.bin
1567182824.400037000.pcd,_01562.bin
1567182824.500897000.pcd,_01563.bin
1567182824.601946000.pcd,_01564.bin
1567182824.702650000.pcd,_01565.bin
1567182824.803766000.pcd,_01566.bin
1567182824.904277000.pcd,_01567.bin
1567182825.005058000.pcd,_01568.bin
1567182825.105852000.pcd,_01569.bin
1567182825.206683000.pcd,_01570.bin
1567182825.309063000.pcd,_01571.bin
1567182825.410193000.pcd,_01572.bin
1567182825.509339000.pcd,_01573.bin
1567182825.610040000.pcd,_01574.bin
1567182825.710849000.pcd,_01575.bin
1567182825.811676000.pcd,_01576.bin
1567182825.912782000.pcd,_01577.bin
1567182826.013347000.pcd,_01578.bin
1567182826.114193000.pcd,_01579.bin
1567182826.215010000.pcd,_01580.bin
1567182826.315832000.pcd,_01581.bin
1567182826.416670000.pcd,_01582.bin
1567182826.517515000.pcd,_01583.bin
1567182826.618345000.pcd,_01584.bin
1567182826.719241000.pcd,_01585.bin
1567182826.820034000.pcd,_01586.bin
1567182826.920822000.pcd,_01587.bin
1567182827.021672000.pcd,_01588.bin
1567182827.122488000.pcd,_01589.bin
1567182827.223407000.pcd,_01590.bin
1567182827.324160000.pcd,_01591.bin
1567182827.424978000.pcd,_01592.bin
1567182827.525823000.pcd,_01593.bin
1567182827.626737000.pcd,_01594.bin
1567182827.728106000.pcd,_01595.bin
1567182827.828315000.pcd,_01596.bin
1567182827.929141000.pcd,_01597.bin
1567182828.029988000.pcd,_01598.bin
1567182828.131803000.pcd,_01599.bin
1567182828.231659000.pcd,_01600.bin
1567182828.332479000.pcd,_01601.bin
1567182828.433929000.pcd,_01602.bin
1567182828.534143000.pcd,_01603.bin
1567182828.637149000.pcd,_01604.bin
1567182828.735815000.pcd,_01605.bin
1567182828.836663000.pcd,_01606.bin
1567182828.937465000.pcd,_01607.bin
1567182829.038300000.pcd,_01608.bin
1567182829.139140000.pcd,_01609.bin
1567182829.239955000.pcd,_01610.bin
1567182829.340785000.pcd,_01611.bin
1567182829.441627000.pcd,_01612.bin
1567182829.542456000.pcd,_01613.bin
1567182829.643290000.pcd,_01614.bin
1567182829.744152000.pcd,_01615.bin
1567182829.844950000.pcd,_01616.bin
1567182829.945785000.pcd,_01617.bin
1567182830.046624000.pcd,_01618.bin
1567182830.147494000.pcd,_01619.bin
1567182830.248271000.pcd,_01620.bin
1567182830.349122000.pcd,_01621.bin
1567182830.449983000.pcd,_01622.bin
1567182830.550803000.pcd,_01623.bin
1567182830.651686000.pcd,_01624.bin
1567182830.752431000.pcd,_01625.bin
1567182830.853274000.pcd,_01626.bin
1567182830.954104000.pcd,_01627.bin
1567182831.054936000.pcd,_01628.bin
1567182831.155760000.pcd,_01629.bin
1567182831.256595000.pcd,_01630.bin
1567182831.358046000.pcd,_01631.bin
1567182831.458253000.pcd,_01632.bin
1567182831.559092000.pcd,_01633.bin
1567182831.659927000.pcd,_01634.bin
1567182831.760810000.pcd,_01635.bin
1567182831.861599000.pcd,_01636.bin
1567182831.962457000.pcd,_01637.bin
1567182832.063254000.pcd,_01638.bin
1567182832.164085000.pcd,_01639.bin
1567182832.264924000.pcd,_01640.bin
1567182832.366155000.pcd,_01641.bin
1567182832.466583000.pcd,_01642.bin
1567182832.567413000.pcd,_01643.bin
1567182832.668385000.pcd,_01644.bin
1567182832.769196000.pcd,_01645.bin
1567182832.869919000.pcd,_01646.bin
1567182832.970760000.pcd,_01647.bin
1567182833.071578000.pcd,_01648.bin
1567182833.172465000.pcd,_01649.bin
1567182833.273410000.pcd,_01650.bin
1567182833.374087000.pcd,_01651.bin
1567182833.474936000.pcd,_01652.bin
1567182833.575733000.pcd,_01653.bin
1567182833.676563000.pcd,_01654.bin
1567182833.777447000.pcd,_01655.bin
1567182833.878225000.pcd,_01656.bin
1567182833.979058000.pcd,_01657.bin
1567182834.080385000.pcd,_01658.bin
1567182834.180732000.pcd,_01659.bin
1567182834.281559000.pcd,_01660.bin
1567182834.382383000.pcd,_01661.bin
1567182834.483432000.pcd,_01662.bin
1567182834.584418000.pcd,_01663.bin
1567182834.684884000.pcd,_01664.bin
1567182834.785804000.pcd,_01665.bin
1567182834.886560000.pcd,_01666.bin
1567182834.987420000.pcd,_01667.bin
1567182835.088980000.pcd,_01668.bin
1567182835.189067000.pcd,_01669.bin
1567182835.289896000.pcd,_01670.bin
1567182835.390709000.pcd,_01671.bin
1567182835.491582000.pcd,_01672.bin
1567182835.592372000.pcd,_01673.bin
1567182835.693414000.pcd,_01674.bin
1567182835.794119000.pcd,_01675.bin
1567182835.897797000.pcd,_01676.bin
1567182835.995695000.pcd,_01677.bin
1567182836.097147000.pcd,_01678.bin
1567182836.197575000.pcd,_01679.bin
1567182836.298213000.pcd,_01680.bin
1567182836.399042000.pcd,_01681.bin
1567182836.499869000.pcd,_01682.bin
1567182836.600694000.pcd,_01683.bin
1567182836.702568000.pcd,_01684.bin
1567182836.802358000.pcd,_01685.bin
1567182836.903191000.pcd,_01686.bin
1567182837.005446000.pcd,_01687.bin
1567182837.104856000.pcd,_01688.bin
1567182837.205741000.pcd,_01689.bin
1567182837.306516000.pcd,_01690.bin
1567182837.407339000.pcd,_01691.bin
1567182837.508283000.pcd,_01692.bin
1567182837.609014000.pcd,_01693.bin
1567182837.712020000.pcd,_01694.bin
1567182837.810676000.pcd,_01695.bin
1567182837.911621000.pcd,_01696.bin
1567182838.012653000.pcd,_01697.bin
1567182838.113204000.pcd,_01698.bin
1567182838.214002000.pcd,_01699.bin
1567182838.314846000.pcd,_01700.bin
1567182838.415667000.pcd,_01701.bin
1567182838.516503000.pcd,_01702.bin
1567182838.617327000.pcd,_01703.bin
1567182838.718164000.pcd,_01704.bin
1567182838.818988000.pcd,_01705.bin
1567182838.919819000.pcd,_01706.bin
1567182839.020656000.pcd,_01707.bin
1567182839.121482000.pcd,_01708.bin
1567182839.222381000.pcd,_01709.bin
1567182839.323195000.pcd,_01710.bin
1567182839.424052000.pcd,_01711.bin
1567182839.524816000.pcd,_01712.bin
1567182839.625677000.pcd,_01713.bin
1567182839.726486000.pcd,_01714.bin
1567182839.827310000.pcd,_01715.bin
1567182839.928147000.pcd,_01716.bin
1567182840.029223000.pcd,_01717.bin
1567182840.129810000.pcd,_01718.bin
1567182840.230641000.pcd,_01719.bin
1567182840.331477000.pcd,_01720.bin
1567182840.432301000.pcd,_01721.bin
1567182840.533125000.pcd,_01722.bin
1567182840.634542000.pcd,_01723.bin
1567182840.734807000.pcd,_01724.bin
1567182840.835668000.pcd,_01725.bin
1567182840.936573000.pcd,_01726.bin
1567182841.038121000.pcd,_01727.bin
1567182841.138389000.pcd,_01728.bin
1567182841.238963000.pcd,_01729.bin
1567182841.339806000.pcd,_01730.bin
1567182841.440635000.pcd,_01731.bin
1567182841.541455000.pcd,_01732.bin
1567182841.642283000.pcd,_01733.bin
1567182841.743118000.pcd,_01734.bin
1567182841.844072000.pcd,_01735.bin
1567182841.944808000.pcd,_01736.bin
1567182842.045854000.pcd,_01737.bin
1567182842.146454000.pcd,_01738.bin
1567182842.247287000.pcd,_01739.bin
1567182842.348109000.pcd,_01740.bin
1567182842.448938000.pcd,_01741.bin
1567182842.549774000.pcd,_01742.bin
1567182842.650631000.pcd,_01743.bin
1567182842.751439000.pcd,_01744.bin
1567182842.852284000.pcd,_01745.bin
1567182842.953097000.pcd,_01746.bin
1567182843.053986000.pcd,_01747.bin
1567182843.154785000.pcd,_01748.bin
1567182843.255590000.pcd,_01749.bin
1567182843.356428000.pcd,_01750.bin
1567182843.457307000.pcd,_01751.bin
1567182843.558103000.pcd,_01752.bin
1567182843.658921000.pcd,_01753.bin
1567182843.759766000.pcd,_01754.bin
1567182843.860586000.pcd,_01755.bin
1567182843.961458000.pcd,_01756.bin
1567182844.062254000.pcd,_01757.bin
1567182844.163127000.pcd,_01758.bin
1567182844.263924000.pcd,_01759.bin
1567182844.364871000.pcd,_01760.bin
1567182844.466431000.pcd,_01761.bin
1567182844.566411000.pcd,_01762.bin
1567182844.667232000.pcd,_01763.bin
1567182844.768075000.pcd,_01764.bin
1567182844.868911000.pcd,_01765.bin
1567182844.969809000.pcd,_01766.bin
1567182845.070598000.pcd,_01767.bin
1567182845.171400000.pcd,_01768.bin
1567182845.272333000.pcd,_01769.bin
1567182845.373059000.pcd,_01770.bin
1567182845.473912000.pcd,_01771.bin
1567182845.574761000.pcd,_01772.bin
1567182845.675638000.pcd,_01773.bin
1567182845.776395000.pcd,_01774.bin
1567182845.877227000.pcd,_01775.bin
1567182845.978065000.pcd,_01776.bin
1567182846.078912000.pcd,_01777.bin
1567182846.179728000.pcd,_01778.bin
1567182846.280581000.pcd,_01779.bin
1567182846.381412000.pcd,_01780.bin
1567182846.482231000.pcd,_01781.bin
1567182846.583048000.pcd,_01782.bin
1567182846.683928000.pcd,_01783.bin
1567182846.784733000.pcd,_01784.bin
1567182846.885546000.pcd,_01785.bin
1567182846.986374000.pcd,_01786.bin
1567182847.087204000.pcd,_01787.bin
1567182847.188305000.pcd,_01788.bin
1567182847.288884000.pcd,_01789.bin
1567182847.389715000.pcd,_01790.bin
1567182847.490554000.pcd,_01791.bin
1567182847.591905000.pcd,_01792.bin
1567182847.693446000.pcd,_01793.bin
1567182847.793120000.pcd,_01794.bin
1567182847.893888000.pcd,_01795.bin
1567182847.994688000.pcd,_01796.bin
1567182848.095557000.pcd,_01797.bin
1567182848.196365000.pcd,_01798.bin
1567182848.297188000.pcd,_01799.bin
1567182848.398030000.pcd,_01800.bin
1567182848.498885000.pcd,_01801.bin
1567182848.599697000.pcd,_01802.bin
1567182848.700523000.pcd,_01803.bin
1567182848.801352000.pcd,_01804.bin
1567182848.902225000.pcd,_01805.bin
1567182849.003073000.pcd,_01806.bin
1567182849.104382000.pcd,_01807.bin
1567182849.204849000.pcd,_01808.bin
1567182849.305825000.pcd,_01809.bin
1567182849.406692000.pcd,_01810.bin
1567182849.507177000.pcd,_01811.bin
1567182849.608026000.pcd,_01812.bin
1567182849.708839000.pcd,_01813.bin
1567182849.809665000.pcd,_01814.bin
1567182849.910501000.pcd,_01815.bin
1567182850.012629000.pcd,_01816.bin
1567182850.112179000.pcd,_01817.bin
1567182850.213003000.pcd,_01818.bin
1567182850.313827000.pcd,_01819.bin
1567182850.414659000.pcd,_01820.bin
1567182850.516246000.pcd,_01821.bin
1567182850.616322000.pcd,_01822.bin
1567182850.717218000.pcd,_01823.bin
1567182850.817993000.pcd,_01824.bin
1567182850.918820000.pcd,_01825.bin
1567182851.019660000.pcd,_01826.bin
1567182851.120492000.pcd,_01827.bin
1567182851.221321000.pcd,_01828.bin
1567182851.322141000.pcd,_01829.bin
1567182851.422987000.pcd,_01830.bin
1567182851.523822000.pcd,_01831.bin
1567182851.624675000.pcd,_01832.bin
1567182851.725471000.pcd,_01833.bin
1567182851.826304000.pcd,_01834.bin
1567182851.927184000.pcd,_01835.bin
1567182852.028787000.pcd,_01836.bin
1567182852.128804000.pcd,_01837.bin
1567182852.229639000.pcd,_01838.bin
1567182852.330477000.pcd,_01839.bin
1567182852.431302000.pcd,_01840.bin
1567182852.532132000.pcd,_01841.bin
1567182852.633065000.pcd,_01842.bin
1567182852.733806000.pcd,_01843.bin
1567182852.834629000.pcd,_01844.bin
1567182852.935493000.pcd,_01845.bin
1567182853.036286000.pcd,_01846.bin
1567182853.137177000.pcd,_01847.bin
1567182853.237947000.pcd,_01848.bin
1567182853.338788000.pcd,_01849.bin
1567182853.439625000.pcd,_01850.bin
1567182853.540461000.pcd,_01851.bin
1567182853.641322000.pcd,_01852.bin
1567182853.742116000.pcd,_01853.bin
1567182853.842966000.pcd,_01854.bin
1567182853.943777000.pcd,_01855.bin
1567182854.044610000.pcd,_01856.bin
1567182854.145520000.pcd,_01857.bin
1567182854.246273000.pcd,_01858.bin
1567182854.348612000.pcd,_01859.bin
1567182854.447957000.pcd,_01860.bin
1567182854.548784000.pcd,_01861.bin
1567182854.649601000.pcd,_01862.bin
1567182854.750699000.pcd,_01863.bin
1567182854.852334000.pcd,_01864.bin
1567182854.952108000.pcd,_01865.bin
1567182855.052933000.pcd,_01866.bin
1567182855.153762000.pcd,_01867.bin
1567182855.254594000.pcd,_01868.bin
1567182855.355430000.pcd,_01869.bin
1567182855.456267000.pcd,_01870.bin
1567182855.557092000.pcd,_01871.bin
1567182855.657933000.pcd,_01872.bin
1567182855.758756000.pcd,_01873.bin
1567182855.859596000.pcd,_01874.bin
1567182855.960420000.pcd,_01875.bin
1567182856.061251000.pcd,_01876.bin
1567182856.162089000.pcd,_01877.bin
1567182856.262914000.pcd,_01878.bin
1567182856.363915000.pcd,_01879.bin
1567182856.464580000.pcd,_01880.bin
1567182856.565456000.pcd,_01881.bin
1567182856.666241000.pcd,_01882.bin
1567182856.767074000.pcd,_01883.bin
1567182856.867903000.pcd,_01884.bin
1567182856.968737000.pcd,_01885.bin
1567182857.069571000.pcd,_01886.bin
1567182857.170400000.pcd,_01887.bin
1567182857.271236000.pcd,_01888.bin
1567182857.372073000.pcd,_01889.bin
1567182857.472944000.pcd,_01890.bin
1567182857.573724000.pcd,_01891.bin
1567182857.674572000.pcd,_01892.bin
1567182857.775395000.pcd,_01893.bin
1567182857.876224000.pcd,_01894.bin
1567182857.977060000.pcd,_01895.bin
1567182858.078432000.pcd,_01896.bin
1567182858.178726000.pcd,_01897.bin
1567182858.279654000.pcd,_01898.bin
1567182858.383358000.pcd,_01899.bin
1567182858.481226000.pcd,_01900.bin
1567182858.582042000.pcd,_01901.bin
1567182858.682886000.pcd,_01902.bin
1567182858.783705000.pcd,_01903.bin
1567182858.884547000.pcd,_01904.bin
1567182858.985371000.pcd,_01905.bin
1567182859.086246000.pcd,_01906.bin
1567182859.187047000.pcd,_01907.bin
1567182859.287869000.pcd,_01908.bin
1567182859.389442000.pcd,_01909.bin
1567182859.489553000.pcd,_01910.bin
1567182859.590497000.pcd,_01911.bin
1567182859.691195000.pcd,_01912.bin
1567182859.792113000.pcd,_01913.bin
1567182859.892862000.pcd,_01914.bin
1567182859.993695000.pcd,_01915.bin
1567182860.095630000.pcd,_01916.bin
1567182860.195407000.pcd,_01917.bin
1567182860.296188000.pcd,_01918.bin
1567182860.397039000.pcd,_01919.bin
1567182860.497847000.pcd,_01920.bin
1567182860.598684000.pcd,_01921.bin
1567182860.699536000.pcd,_01922.bin
1567182860.800349000.pcd,_01923.bin
1567182860.901591000.pcd,_01924.bin
1567182861.003524000.pcd,_01925.bin
1567182861.103982000.pcd,_01926.bin
1567182861.209557000.pcd,_01927.bin
1567182861.304573000.pcd,_01928.bin
1567182861.405404000.pcd,_01929.bin
1567182861.506633000.pcd,_01930.bin
1567182861.607005000.pcd,_01931.bin
1567182861.707836000.pcd,_01932.bin
1567182861.808670000.pcd,_01933.bin
1567182861.909518000.pcd,_01934.bin
1567182862.010334000.pcd,_01935.bin
1567182862.111170000.pcd,_01936.bin
1567182862.211997000.pcd,_01937.bin
1567182862.312826000.pcd,_01938.bin
1567182862.413661000.pcd,_01939.bin
1567182862.514498000.pcd,_01940.bin
1567182862.615317000.pcd,_01941.bin
1567182862.716150000.pcd,_01942.bin
1567182862.816990000.pcd,_01943.bin
1567182862.920215000.pcd,_01944.bin
1567182863.018649000.pcd,_01945.bin
1567182863.119537000.pcd,_01946.bin
1567182863.220349000.pcd,_01947.bin
1567182863.321632000.pcd,_01948.bin
1567182863.421982000.pcd,_01949.bin
1567182863.522873000.pcd,_01950.bin
1567182863.623701000.pcd,_01951.bin
1567182863.724567000.pcd,_01952.bin
1567182863.825689000.pcd,_01953.bin
1567182863.926140000.pcd,_01954.bin
1567182864.026969000.pcd,_01955.bin
1567182864.127806000.pcd,_01956.bin
1567182864.228646000.pcd,_01957.bin
1567182864.329466000.pcd,_01958.bin
1567182864.430498000.pcd,_01959.bin
1567182864.531684000.pcd,_01960.bin
1567182864.631989000.pcd,_01961.bin
1567182864.732850000.pcd,_01962.bin
1567182864.833647000.pcd,_01963.bin
1567182864.934525000.pcd,_01964.bin
1567182865.035311000.pcd,_01965.bin
1567182865.136172000.pcd,_01966.bin
1567182865.237149000.pcd,_01967.bin
1567182865.337790000.pcd,_01968.bin
1567182865.438623000.pcd,_01969.bin
1567182865.539497000.pcd,_01970.bin
1567182865.641368000.pcd,_01971.bin
1567182865.741112000.pcd,_01972.bin
1567182865.842211000.pcd,_01973.bin
1567182865.942823000.pcd,_01974.bin
1567182866.043614000.pcd,_01975.bin
1567182866.144449000.pcd,_01976.bin
1567182866.245265000.pcd,_01977.bin
1567182866.346108000.pcd,_01978.bin
1567182866.447704000.pcd,_01979.bin
1567182866.547847000.pcd,_01980.bin
1567182866.648627000.pcd,_01981.bin
1567182866.749476000.pcd,_01982.bin
1567182866.850900000.pcd,_01983.bin
1567182866.951176000.pcd,_01984.bin
1567182867.052274000.pcd,_01985.bin
1567182867.152833000.pcd,_01986.bin
1567182867.253879000.pcd,_01987.bin
1567182867.354568000.pcd,_01988.bin
1567182867.455262000.pcd,_01989.bin
1567182867.560472000.pcd,_01990.bin
1567182867.656917000.pcd,_01991.bin
1567182867.757764000.pcd,_01992.bin
1567182867.858719000.pcd,_01993.bin
1567182867.959416000.pcd,_01994.bin
1567182868.060324000.pcd,_01995.bin
1567182868.161081000.pcd,_01996.bin
1567182868.261913000.pcd,_01997.bin
1567182868.362743000.pcd,_01998.bin
1567182868.463573000.pcd,_01999.bin
1567182868.564410000.pcd,_02000.bin
1567182868.665238000.pcd,_02001.bin
1567182868.766971000.pcd,_02002.bin
1567182868.866901000.pcd,_02003.bin
1567182868.967738000.pcd,_02004.bin
1567182869.068629000.pcd,_02005.bin
1567182869.169758000.pcd,_02006.bin
1567182869.270231000.pcd,_02007.bin
1567182869.371408000.pcd,_02008.bin
1567182869.471896000.pcd,_02009.bin
1567182869.572723000.pcd,_02010.bin
1567182869.673570000.pcd,_02011.bin
1567182869.774442000.pcd,_02012.bin
1567182869.875249000.pcd,_02013.bin
1567182869.976053000.pcd,_02014.bin
1567182870.076882000.pcd,_02015.bin
1567182870.177720000.pcd,_02016.bin
1567182870.278577000.pcd,_02017.bin
1567182870.379381000.pcd,_02018.bin
1567182870.480233000.pcd,_02019.bin
1567182870.581041000.pcd,_02020.bin
1567182870.681875000.pcd,_02021.bin
1567182870.782745000.pcd,_02022.bin
1567182870.883547000.pcd,_02023.bin
1567182870.984378000.pcd,_02024.bin
1567182871.085271000.pcd,_02025.bin
1567182871.186043000.pcd,_02026.bin
1567182871.286874000.pcd,_02027.bin
1567182871.387701000.pcd,_02028.bin
1567182871.488554000.pcd,_02029.bin
1567182871.589405000.pcd,_02030.bin
1567182871.690196000.pcd,_02031.bin
1567182871.791025000.pcd,_02032.bin
1567182871.891858000.pcd,_02033.bin
1567182871.992684000.pcd,_02034.bin
1567182872.093524000.pcd,_02035.bin
1567182872.194351000.pcd,_02036.bin
1567182872.295187000.pcd,_02037.bin
1567182872.396032000.pcd,_02038.bin
1567182872.496860000.pcd,_02039.bin
1567182872.597746000.pcd,_02040.bin
1567182872.698517000.pcd,_02041.bin
1567182872.799483000.pcd,_02042.bin
1567182872.900187000.pcd,_02043.bin
1567182873.001014000.pcd,_02044.bin
1567182873.101844000.pcd,_02045.bin
1567182873.202717000.pcd,_02046.bin
1567182873.308976000.pcd,_02047.bin
1567182873.404339000.pcd,_02048.bin
1567182873.505166000.pcd,_02049.bin
1567182873.606003000.pcd,_02050.bin
1567182873.706839000.pcd,_02051.bin
1567182873.807660000.pcd,_02052.bin
1567182873.908491000.pcd,_02053.bin
1567182874.009443000.pcd,_02054.bin
1567182874.110166000.pcd,_02055.bin
1567182874.211002000.pcd,_02056.bin
1567182874.311834000.pcd,_02057.bin
1567182874.412662000.pcd,_02058.bin
1567182874.513494000.pcd,_02059.bin
1567182874.614330000.pcd,_02060.bin
1567182874.720949000.pcd,_02061.bin
1567182874.816002000.pcd,_02062.bin
1567182874.916831000.pcd,_02063.bin
1567182875.018551000.pcd,_02064.bin
1567182875.118488000.pcd,_02065.bin
1567182875.219309000.pcd,_02066.bin
1567182875.320158000.pcd,_02067.bin
1567182875.421051000.pcd,_02068.bin
1567182875.521826000.pcd,_02069.bin
1567182875.622637000.pcd,_02070.bin
1567182875.723481000.pcd,_02071.bin
1567182875.824300000.pcd,_02072.bin
1567182875.925749000.pcd,_02073.bin
1567182876.025973000.pcd,_02074.bin
1567182876.126863000.pcd,_02075.bin
1567182876.227674000.pcd,_02076.bin
1567182876.328504000.pcd,_02077.bin
1567182876.429301000.pcd,_02078.bin
1567182876.530145000.pcd,_02079.bin
1567182876.630992000.pcd,_02080.bin
1567182876.731890000.pcd,_02081.bin
1567182876.832626000.pcd,_02082.bin
1567182876.933456000.pcd,_02083.bin
1567182877.034368000.pcd,_02084.bin
1567182877.135132000.pcd,_02085.bin
1567182877.235957000.pcd,_02086.bin
1567182877.336798000.pcd,_02087.bin
1567182877.437618000.pcd,_02088.bin
1567182877.538537000.pcd,_02089.bin
1567182877.639758000.pcd,_02090.bin
1567182877.740196000.pcd,_02091.bin
1567182877.841117000.pcd,_02092.bin
1567182877.941789000.pcd,_02093.bin
1567182878.042636000.pcd,_02094.bin
1567182878.144251000.pcd,_02095.bin
1567182878.244274000.pcd,_02096.bin
1567182878.345580000.pcd,_02097.bin
1567182878.445939000.pcd,_02098.bin
1567182878.546772000.pcd,_02099.bin
1567182878.647592000.pcd,_02100.bin
1567182878.748435000.pcd,_02101.bin
1567182878.849259000.pcd,_02102.bin
1567182878.950108000.pcd,_02103.bin
1567182879.050989000.pcd,_02104.bin
1567182879.151755000.pcd,_02105.bin
1567182879.256424000.pcd,_02106.bin
1567182879.353423000.pcd,_02107.bin
1567182879.454323000.pcd,_02108.bin
1567182879.555082000.pcd,_02109.bin
1567182879.656141000.pcd,_02110.bin
1567182879.756759000.pcd,_02111.bin
1567182879.857579000.pcd,_02112.bin
1567182879.958768000.pcd,_02113.bin
1567182880.059285000.pcd,_02114.bin
1567182880.160074000.pcd,_02115.bin
1567182880.260904000.pcd,_02116.bin
1567182880.361763000.pcd,_02117.bin
1567182880.466417000.pcd,_02118.bin
1567182880.563494000.pcd,_02119.bin
1567182880.664237000.pcd,_02120.bin
1567182880.765147000.pcd,_02121.bin
1567182880.865907000.pcd,_02122.bin
1567182880.966790000.pcd,_02123.bin
1567182881.067619000.pcd,_02124.bin
1567182881.168400000.pcd,_02125.bin
1567182881.269285000.pcd,_02126.bin
1567182881.370059000.pcd,_02127.bin
1567182881.473193000.pcd,_02128.bin
1567182881.571728000.pcd,_02129.bin
1567182881.672564000.pcd,_02130.bin
1567182881.773683000.pcd,_02131.bin
1567182881.874225000.pcd,_02132.bin
1567182881.977027000.pcd,_02133.bin
1567182882.076423000.pcd,_02134.bin
1567182882.176723000.pcd,_02135.bin
1567182882.277558000.pcd,_02136.bin
1567182882.379610000.pcd,_02137.bin
1567182882.479208000.pcd,_02138.bin
1567182882.580385000.pcd,_02139.bin
1567182882.680994000.pcd,_02140.bin
1567182882.781706000.pcd,_02141.bin
1567182882.882544000.pcd,_02142.bin
1567182882.983452000.pcd,_02143.bin
1567182883.084580000.pcd,_02144.bin
1567182883.189432000.pcd,_02145.bin
1567182883.286526000.pcd,_02146.bin
1567182883.389193000.pcd,_02147.bin
1567182883.487532000.pcd,_02148.bin
1567182883.588367000.pcd,_02149.bin
1567182883.689675000.pcd,_02150.bin
1567182883.790150000.pcd,_02151.bin
1567182883.893851000.pcd,_02152.bin
1567182883.991801000.pcd,_02153.bin
1567182884.092519000.pcd,_02154.bin
1567182884.193354000.pcd,_02155.bin
1567182884.294301000.pcd,_02156.bin
1567182884.395076000.pcd,_02157.bin
1567182884.496057000.pcd,_02158.bin
1567182884.596676000.pcd,_02159.bin
1567182884.697520000.pcd,_02160.bin
1567182884.798936000.pcd,_02161.bin
1567182884.899214000.pcd,_02162.bin
1567182885.000010000.pcd,_02163.bin
1567182885.100845000.pcd,_02164.bin
1567182885.201687000.pcd,_02165.bin
1567182885.302506000.pcd,_02166.bin
1567182885.403332000.pcd,_02167.bin
1567182885.504189000.pcd,_02168.bin
1567182885.605002000.pcd,_02169.bin
1567182885.705828000.pcd,_02170.bin
1567182885.806663000.pcd,_02171.bin
1567182885.907494000.pcd,_02172.bin
1567182886.008540000.pcd,_02173.bin
1567182886.109700000.pcd,_02174.bin
1567182886.209994000.pcd,_02175.bin
1567182886.310821000.pcd,_02176.bin
1567182886.411646000.pcd,_02177.bin
1567182886.512479000.pcd,_02178.bin
1567182886.613322000.pcd,_02179.bin
1567182886.714150000.pcd,_02180.bin
1567182886.817467000.pcd,_02181.bin
1567182886.915851000.pcd,_02182.bin
1567182887.016645000.pcd,_02183.bin
1567182887.117541000.pcd,_02184.bin
1567182887.218307000.pcd,_02185.bin
1567182887.319147000.pcd,_02186.bin
1567182887.419978000.pcd,_02187.bin
1567182887.520812000.pcd,_02188.bin
1567182887.621694000.pcd,_02189.bin
1567182887.723005000.pcd,_02190.bin
1567182887.827260000.pcd,_02191.bin
1567182887.924137000.pcd,_02192.bin
1567182888.025025000.pcd,_02193.bin
1567182888.125827000.pcd,_02194.bin
1567182888.226668000.pcd,_02195.bin
1567182888.327573000.pcd,_02196.bin
1567182888.428295000.pcd,_02197.bin
1567182888.529166000.pcd,_02198.bin
1567182888.629959000.pcd,_02199.bin
1567182888.731160000.pcd,_02200.bin
1567182888.831743000.pcd,_02201.bin
1567182888.932744000.pcd,_02202.bin
1567182889.034229000.pcd,_02203.bin
1567182889.134564000.pcd,_02204.bin
1567182889.234993000.pcd,_02205.bin
1567182889.335778000.pcd,_02206.bin
1567182889.436610000.pcd,_02207.bin
1567182889.537573000.pcd,_02208.bin
1567182889.638298000.pcd,_02209.bin
1567182889.739121000.pcd,_02210.bin
1567182889.839944000.pcd,_02211.bin
1567182889.940794000.pcd,_02212.bin
1567182890.041596000.pcd,_02213.bin
1567182890.145459000.pcd,_02214.bin
1567182890.243265000.pcd,_02215.bin
1567182890.344098000.pcd,_02216.bin
1567182890.444928000.pcd,_02217.bin
1567182890.545769000.pcd,_02218.bin
1567182890.646626000.pcd,_02219.bin
1567182890.747435000.pcd,_02220.bin
1567182890.848258000.pcd,_02221.bin
1567182890.949101000.pcd,_02222.bin
1567182891.049920000.pcd,_02223.bin
1567182891.151811000.pcd,_02224.bin
1567182891.251698000.pcd,_02225.bin
1567182891.352406000.pcd,_02226.bin
1567182891.453251000.pcd,_02227.bin
1567182891.554101000.pcd,_02228.bin
1567182891.654913000.pcd,_02229.bin
1567182891.755745000.pcd,_02230.bin
1567182891.859506000.pcd,_02231.bin
1567182891.957410000.pcd,_02232.bin
1567182892.058247000.pcd,_02233.bin
1567182892.159067000.pcd,_02234.bin
1567182892.260436000.pcd,_02235.bin
1567182892.360780000.pcd,_02236.bin
1567182892.461571000.pcd,_02237.bin
1567182892.562397000.pcd,_02238.bin
1567182892.663250000.pcd,_02239.bin
1567182892.764605000.pcd,_02240.bin
1567182892.864992000.pcd,_02241.bin
1567182892.965774000.pcd,_02242.bin
1567182893.066556000.pcd,_02243.bin
1567182893.169579000.pcd,_02244.bin
1567182893.268269000.pcd,_02245.bin
1567182893.377492000.pcd,_02246.bin
1567182893.469896000.pcd,_02247.bin
1567182893.570981000.pcd,_02248.bin
1567182893.671558000.pcd,_02249.bin
1567182893.772386000.pcd,_02250.bin
1567182893.873231000.pcd,_02251.bin
1567182893.974055000.pcd,_02252.bin
1567182894.074879000.pcd,_02253.bin
1567182894.175716000.pcd,_02254.bin
1567182894.276615000.pcd,_02255.bin
1567182894.377380000.pcd,_02256.bin
1567182894.478208000.pcd,_02257.bin
1567182894.579043000.pcd,_02258.bin
1567182894.679959000.pcd,_02259.bin
1567182894.780715000.pcd,_02260.bin
1567182894.881534000.pcd,_02261.bin
1567182894.982378000.pcd,_02262.bin
1567182895.083284000.pcd,_02263.bin
1567182895.184038000.pcd,_02264.bin
1567182895.284868000.pcd,_02265.bin
1567182895.385698000.pcd,_02266.bin
1567182895.486657000.pcd,_02267.bin
1567182895.587358000.pcd,_02268.bin
1567182895.688213000.pcd,_02269.bin
1567182895.789025000.pcd,_02270.bin
1567182895.889885000.pcd,_02271.bin
1567182895.990687000.pcd,_02272.bin
1567182896.091528000.pcd,_02273.bin
1567182896.192344000.pcd,_02274.bin
1567182896.293210000.pcd,_02275.bin
1567182896.394007000.pcd,_02276.bin
1567182896.494933000.pcd,_02277.bin
1567182896.595682000.pcd,_02278.bin
1567182896.696519000.pcd,_02279.bin
1567182896.797338000.pcd,_02280.bin
1567182896.898173000.pcd,_02281.bin
1567182896.999007000.pcd,_02282.bin
1567182897.099854000.pcd,_02283.bin
1567182897.200980000.pcd,_02284.bin
1567182897.301822000.pcd,_02285.bin
1567182897.402340000.pcd,_02286.bin
1567182897.503163000.pcd,_02287.bin
1567182897.605580000.pcd,_02288.bin
1567182897.704831000.pcd,_02289.bin
1567182897.805661000.pcd,_02290.bin
1567182897.906504000.pcd,_02291.bin
1567182898.007321000.pcd,_02292.bin
1567182898.109477000.pcd,_02293.bin
1567182898.208993000.pcd,_02294.bin
1567182898.309894000.pcd,_02295.bin
1567182898.410656000.pcd,_02296.bin
1567182898.511491000.pcd,_02297.bin
1567182898.612632000.pcd,_02298.bin
1567182898.713162000.pcd,_02299.bin
1567182898.814366000.pcd,_02300.bin
1567182898.914820000.pcd,_02301.bin
1567182899.015643000.pcd,_02302.bin
1567182899.117620000.pcd,_02303.bin
1567182899.217353000.pcd,_02304.bin
1567182899.318269000.pcd,_02305.bin
1567182899.419086000.pcd,_02306.bin
1567182899.519815000.pcd,_02307.bin
1567182899.620643000.pcd,_02308.bin
1567182899.721469000.pcd,_02309.bin
1567182899.822425000.pcd,_02310.bin
1567182899.923141000.pcd,_02311.bin
1567182900.024683000.pcd,_02312.bin
1567182900.125217000.pcd,_02313.bin
1567182900.225628000.pcd,_02314.bin
1567182900.328079000.pcd,_02315.bin
1567182900.427349000.pcd,_02316.bin
1567182900.528123000.pcd,_02317.bin
1567182900.629031000.pcd,_02318.bin
1567182900.729803000.pcd,_02319.bin
1567182900.830698000.pcd,_02320.bin
1567182900.931785000.pcd,_02321.bin
1567182901.035062000.pcd,_02322.bin
1567182901.133109000.pcd,_02323.bin
1567182901.233956000.pcd,_02324.bin
1567182901.334784000.pcd,_02325.bin
1567182901.435634000.pcd,_02326.bin
1567182901.536448000.pcd,_02327.bin
1567182901.637272000.pcd,_02328.bin
1567182901.738112000.pcd,_02329.bin
1567182901.838937000.pcd,_02330.bin
1567182901.939767000.pcd,_02331.bin
1567182902.040604000.pcd,_02332.bin
1567182902.141469000.pcd,_02333.bin
1567182902.242260000.pcd,_02334.bin
1567182902.343176000.pcd,_02335.bin
1567182902.443932000.pcd,_02336.bin
1567182902.544764000.pcd,_02337.bin
1567182902.645585000.pcd,_02338.bin
1567182902.746427000.pcd,_02339.bin
1567182902.847256000.pcd,_02340.bin
1567182902.948086000.pcd,_02341.bin
1567182903.048923000.pcd,_02342.bin
1567182903.149747000.pcd,_02343.bin
1567182903.250618000.pcd,_02344.bin
1567182903.355727000.pcd,_02345.bin
1567182903.452301000.pcd,_02346.bin
1567182903.554097000.pcd,_02347.bin
1567182903.653905000.pcd,_02348.bin
1567182903.754742000.pcd,_02349.bin
1567182903.855567000.pcd,_02350.bin
1567182903.956506000.pcd,_02351.bin
1567182904.057233000.pcd,_02352.bin
1567182904.158079000.pcd,_02353.bin
1567182904.258901000.pcd,_02354.bin
1567182904.359727000.pcd,_02355.bin
1567182904.460568000.pcd,_02356.bin
1567182904.561432000.pcd,_02357.bin
1567182904.662276000.pcd,_02358.bin
1567182904.763058000.pcd,_02359.bin
1567182904.863897000.pcd,_02360.bin
1567182904.964756000.pcd,_02361.bin
1567182905.065553000.pcd,_02362.bin
1567182905.166701000.pcd,_02363.bin
1567182905.267213000.pcd,_02364.bin
1567182905.368061000.pcd,_02365.bin
1567182905.468884000.pcd,_02366.bin
1567182905.569717000.pcd,_02367.bin
1567182905.670635000.pcd,_02368.bin
1567182905.771378000.pcd,_02369.bin
1567182905.872207000.pcd,_02370.bin
1567182905.973045000.pcd,_02371.bin
1567182906.073869000.pcd,_02372.bin
1567182906.174748000.pcd,_02373.bin
1567182906.275617000.pcd,_02374.bin
1567182906.376373000.pcd,_02375.bin
1567182906.477349000.pcd,_02376.bin
1567182906.578140000.pcd,_02377.bin
1567182906.678864000.pcd,_02378.bin
1567182906.779702000.pcd,_02379.bin
1567182906.880539000.pcd,_02380.bin
1567182906.981359000.pcd,_02381.bin
1567182907.082980000.pcd,_02382.bin
1567182907.183020000.pcd,_02383.bin
1567182907.283861000.pcd,_02384.bin
1567182907.385090000.pcd,_02385.bin
1567182907.485517000.pcd,_02386.bin
1567182907.586367000.pcd,_02387.bin
1567182907.687183000.pcd,_02388.bin
1567182907.788013000.pcd,_02389.bin
1567182907.888883000.pcd,_02390.bin
1567182907.989745000.pcd,_02391.bin
1567182908.090555000.pcd,_02392.bin
1567182908.191344000.pcd,_02393.bin
1567182908.292183000.pcd,_02394.bin
1567182908.393072000.pcd,_02395.bin
1567182908.494001000.pcd,_02396.bin
1567182908.594675000.pcd,_02397.bin
1567182908.695513000.pcd,_02398.bin
1567182908.797430000.pcd,_02399.bin
1567182908.897260000.pcd,_02400.bin
1567182908.998001000.pcd,_02401.bin
1567182909.098836000.pcd,_02402.bin
1567182909.203316000.pcd,_02403.bin
1567182909.300592000.pcd,_02404.bin
1567182909.401331000.pcd,_02405.bin
1567182909.502161000.pcd,_02406.bin
1567182909.603505000.pcd,_02407.bin
1567182909.703924000.pcd,_02408.bin
1567182909.804666000.pcd,_02409.bin
1567182909.905482000.pcd,_02410.bin
1567182910.006325000.pcd,_02411.bin
1567182910.107152000.pcd,_02412.bin
1567182910.207987000.pcd,_02413.bin
1567182910.312230000.pcd,_02414.bin
1567182910.409665000.pcd,_02415.bin
1567182910.510508000.pcd,_02416.bin
1567182910.611345000.pcd,_02417.bin
1567182910.712169000.pcd,_02418.bin
1567182910.812973000.pcd,_02419.bin
1567182910.913840000.pcd,_02420.bin
1567182911.014916000.pcd,_02421.bin
1567182911.115484000.pcd,_02422.bin
1567182911.216322000.pcd,_02423.bin
1567182911.317130000.pcd,_02424.bin
1567182911.418020000.pcd,_02425.bin
1567182911.518802000.pcd,_02426.bin
1567182911.619628000.pcd,_02427.bin
1567182911.720465000.pcd,_02428.bin
1567182911.821292000.pcd,_02429.bin
